info,first_candidate,council,region,county_number,full_name,party
"Громадянка України, народилася 02.12.1971 р., освіта вища, член ПАРТІЇ ""БЛОК ПЕТРА ПОРОШЕНКА ""СОЛІДАРНІСТЬ"", Шполянська районна організація Товариства Червоного Хреста УКраїни, Голова Шполянської районної організації Товариства Червоного Хреста УКраїни, місце проживання: Черкаська обл., Шполянський р-н., м.Шпола",(Доценко Максим Васильович),Шполянська міська рада,Черкаська область,1,ТИМОШЕНКО ТЕТЯНА ВОЛОДИМИРІВНА,"ПАРТІЯ ""БЛОК ПЕТРА ПОРОШЕНКА ""СОЛІДАРНІСТЬ"""
"Громадянка України, народилася 11.05.1976 р., освіта вища, член політичної партії Всеукраїнське об’єднання ""Батьківщина"", Фізична особа-підприємець, місце проживання: Черкаська обл.., Шполянський р-н., м. Шпола",(Горбач Володимир Павлович),Шполянська міська рада,Черкаська область,1,ВАСІЛЬЧЕНКО ОКСАНА ВАСИЛІВНА,"ПОЛІТИЧНА ПАРТІЯ ВСЕУКРАЇНСЬКЕ ОБ’ЄДНАННЯ ""БАТЬКІВЩИНА"""
"Громадянин України, народився 14.06.1958 р., освіта професійно-технічна, член політичної партії Всеукраїнське об’єднання ""Свобода"", пенсіонер, місце проживання: Черкаська обл.., Шполянський р-н., м.Шпола",(Кишінько Вячеслав Леонтійович),Шполянська міська рада,Черкаська область,1,ГУЗОВЕЦЬ МИКОЛА ВОЛОДИМИРОВИЧ,"ПОЛІТИЧНА ПАРТІЯ ВСЕУКРАЇНСЬКЕ ОБ’ЄДНАННЯ ""СВОБОДА"""
"Громадянка України, народилася 07.04.1963 р., освіта вища, безпартійна, Приватний підприємець, місце проживання: м.Шпола, Шполянський р-н., Черкаська обл..",(Кравченко Сергій Володимирович),Шполянська міська рада,Черкаська область,1,ЗАМОТАЙЛО НАТАЛІЯ ОЛЕКСІЇВНА,"ПОЛІТИЧНА ПАРТІЯ ВСЕУКРАЇНСЬКЕ ОБ’ЄДНАННЯ ""ЧЕРКАЩАНИ"""
"Громадянин України, народився 23.01.1974 р., освіта вища, безпартійний, тимчасово не працює, місце проживання: Черкаська обл., Шполянський р-н., м.Шпола,",(Комар Петро Вікторович),Шполянська міська рада,Черкаська область,1,ШЕПЕЛЬ СЕРГІЙ ВІКТОРОВИЧ,"ПОЛІТИЧНА ПАРТІЯ ""ГРОМАДЯНСЬКА ПОЗИЦІЯ"""
"Громадянка України, народилася 27.08.1974 р., освіта загальна середня, безпартійна, Шполянська філія страхової компанії ""Провідна"", Директор страхової компанії ""Провідна"", місце проживання: Черкаська обл., Шполянський р-н., м. Шпола",(Шандрук Михайло Арсенович),Шполянська міська рада,Черкаська область,1,ОВСЯННІКОВА ЖАННА ВОЛОДИМИРІВНА,"ПОЛІТИЧНА ПАРТІЯ ""ОПОЗИЦІЙНИЙ БЛОК"""
"Громадянка України, народилася 14.12.1958 р., освіта вища, безпартійна, Шполянський дитсадок №3, завідуюча дитсадком, місце проживання: Черкаська обл., Шполянський р-н., м. Шпола",(Бебешко Анна Вікторівна),Шполянська міська рада,Черкаська область,1,ПРЕСЛІЦЬКА НАТАЛІЯ ВАЛЕНТИНІВНА,"ПОЛІТИЧНА ПАРТІЯ ""СИЛЬНА ДЕРЖАВА"""
,(Плосконос Владислав Миколайович),Шполянська міська рада,Черкаська область,1,,"ПОЛІТИЧНА ПАРТІЯ ""УКРАЇНСЬКЕ ОБ’ЄДНАННЯ ПАТРІОТІВ – УКРОП"""
,(Коваль Наталія Миколаївна),Шполянська міська рада,Черкаська область,1,,РАДИКАЛЬНА ПАРТІЯ ОЛЕГА ЛЯШКА
"Громадянин України, народився 11.09.1973 р., освіта вища, безпартійний, Шполянський РЦЗ, Заступник директора, місце проживання: Черкаська обл., Шполянський р-н., м.Шпола",(Доценко Максим Васильович),Шполянська міська рада,Черкаська область,2,МУСЮРА ІГОР ВІТАЛІЙОВИЧ,"ПАРТІЯ ""БЛОК ПЕТРА ПОРОШЕНКА ""СОЛІДАРНІСТЬ"""
"Громадянка України, народилася 08.03.1983 р., освіта вища, член політичної партії Всеукраїнське об’єднання ""Батьківщина"", Шполянська міська рада Черкаської області, Керуюча справами, місце проживання: Черкаська обл.., Шполянський р-н., м. Шпола",(Горбач Володимир Павлович),Шполянська міська рада,Черкаська область,2,КУЛІШОВА МАРИНА ВЯЧЕСЛАВІВНА,"ПОЛІТИЧНА ПАРТІЯ ВСЕУКРАЇНСЬКЕ ОБ’ЄДНАННЯ ""БАТЬКІВЩИНА"""
"Громадянка України, народилася 16.07.1969 р., освіта середня спеціальна, член політичної партії Всеукраїнське об’єднання ""Свобода"", тимчасово не працює, домогосподарка, місце проживання: Черкаська обл.., Шполянський р-н., м.Шпола",(Кишінько Вячеслав Леонтійович),Шполянська міська рада,Черкаська область,2,АНДРУЩЕНКО ЛАРИСА АНАТОЛІЇВНА,"ПОЛІТИЧНА ПАРТІЯ ВСЕУКРАЇНСЬКЕ ОБ’ЄДНАННЯ ""СВОБОДА"""
"Громадянин України, народився 29.01.1972 р., освіта вища, член політичної партії Всеукраїнське об’єднання ""ЧЕРКАЩАНИ"", Приватний підприємець, місце проживання: м.Шпола, Шполянський р-н., Черкаська обл..",(Кравченко Сергій Володимирович),Шполянська міська рада,Черкаська область,2,КОЛЕСНІКОВ ВОЛОДИМИР ПЕТРОВИЧ,"ПОЛІТИЧНА ПАРТІЯ ВСЕУКРАЇНСЬКЕ ОБ’ЄДНАННЯ ""ЧЕРКАЩАНИ"""
"Громадянин України, народився 03.12.1986 р., освіта загальна середня, безпартійний, тимчасово не працює, місце проживання: Черкаська обл., Шполянський р-н., м.Шпола,",(Комар Петро Вікторович),Шполянська міська рада,Черкаська область,2,ПОПЕРЕЧНИЙ ДМИТРО СЕРГІЙОВИЧ,"ПОЛІТИЧНА ПАРТІЯ ""ГРОМАДЯНСЬКА ПОЗИЦІЯ"""
"Громадянка України, народилася 22.01.1976 р., освіта середня спеціальна, безпартійна, перукарня, перукар, місце проживання: Черкаська обл., Шполянський р-н., м. Шпола",(Шандрук Михайло Арсенович),Шполянська міська рада,Черкаська область,2,ЧЕРВОНЮК ЮЛІЯ ПЕТРІВНА,"ПОЛІТИЧНА ПАРТІЯ ""ОПОЗИЦІЙНИЙ БЛОК"""
"Громадянка України, народилася 16.07.1968 р., освіта вища, член Політичної партії ""Сильна Держава"", Шполянський НВК-ліцей №2, вчитель географії, місце проживання: Черкаська обл., Шполянський р-н., м. Шпола",(Бебешко Анна Вікторівна),Шполянська міська рада,Черкаська область,2,СТЕЦЬКА СВІТЛАНА МИХАЙЛІВНА,"ПОЛІТИЧНА ПАРТІЯ ""СИЛЬНА ДЕРЖАВА"""
"Громадянин України, народився 19.09.1962 р., освіта вища, безпартійний, фізична особа - підприємець, місце проживання: Черкаська обл., Шполянський р-н., м. Шпола",(Плосконос Владислав Миколайович),Шполянська міська рада,Черкаська область,2,ШЕВЧЕНКО ПАВЛО ОЛЕКСАНДРОВИЧ,"ПОЛІТИЧНА ПАРТІЯ ""УКРАЇНСЬКЕ ОБ’ЄДНАННЯ ПАТРІОТІВ – УКРОП"""
,(Коваль Наталія Миколаївна),Шполянська міська рада,Черкаська область,2,,РАДИКАЛЬНА ПАРТІЯ ОЛЕГА ЛЯШКА
"Громадянка України, народилася 20.12.1977 р., освіта вища, безпартійна, Шполянська районна державна адміністрація, Начальник районного відділу апарату райдержадміністрації, місце проживання: Черкаська обл., Шполянський р-н., м.Шпола",(Доценко Максим Васильович),Шполянська міська рада,Черкаська область,3,САВАНЧУК ТЕТЯНА ОЛЕКСІЇВНА,"ПАРТІЯ ""БЛОК ПЕТРА ПОРОШЕНКА ""СОЛІДАРНІСТЬ"""
"Громадянин України, народився 01.01.1974 р., освіта вища, член політичної партії Всеукраїнське об’єднання ""Батьківщина"", Фізична особа-підприємець, місце проживання: Черкаська обл.., Шполянський р-н., м. Шпола",(Горбач Володимир Павлович),Шполянська міська рада,Черкаська область,3,КОЛИВАЙ ВОЛОДИМИР МИКОЛАЙОВИЧ,"ПОЛІТИЧНА ПАРТІЯ ВСЕУКРАЇНСЬКЕ ОБ’ЄДНАННЯ ""БАТЬКІВЩИНА"""
"Громадянин України, народився 05.12.1988 р., освіта професійно-технічна, член політичної партії Всеукраїнське об’єднання ""Свобода"", АТО, військовослужбовець, місце проживання: Черкаська обл.., Шполянський р-н, с.Іскрене",(Кишінько Вячеслав Леонтійович),Шполянська міська рада,Черкаська область,3,ЗОЗУЛЯ ЮРІЙ ВОЛОДИМИРОВИЧ,"ПОЛІТИЧНА ПАРТІЯ ВСЕУКРАЇНСЬКЕ ОБ’ЄДНАННЯ ""СВОБОДА"""
"Громадянин України, народився 26.01.1969 р., освіта професійно-технічна, безпартійний, Приватний підприємець, місце проживання: м.Шпола, Шполянський р-н., Черкаська обл..",(Кравченко Сергій Володимирович),Шполянська міська рада,Черкаська область,3,КИСЛЕНКО СЕРГІЙ СТЕПАНОВИЧ,"ПОЛІТИЧНА ПАРТІЯ ВСЕУКРАЇНСЬКЕ ОБ’ЄДНАННЯ ""ЧЕРКАЩАНИ"""
"Громадянка України, народилася 29.12.1981 р., освіта вища, безпартійна, Комунальне підприємство ""Комунальник-сервіс"", Бухгалтер, місце проживання: Черкаська обл., Шполянський р-н., м.Шпола,",(Комар Петро Вікторович),Шполянська міська рада,Черкаська область,3,СТАНІВА НАТАЛІЯ ВАСИЛІВНА,"ПОЛІТИЧНА ПАРТІЯ ""ГРОМАДЯНСЬКА ПОЗИЦІЯ"""
"Громадянин України, народився 05.11.1988 р., освіта загальна середня, безпартійний, Дочірнє підприємство ""Спецдеталь-МВМ"" товариства з обмеженою відповідальністю ""Гласс-Ш"", Директор, місце проживання: Черкаська обл., Шполянський р-н., м. Шпола",(Шандрук Михайло Арсенович),Шполянська міська рада,Черкаська область,3,СІМОН ЯРОСЛАВ ВАСИЛЬОВИЧ,"ПОЛІТИЧНА ПАРТІЯ ""ОПОЗИЦІЙНИЙ БЛОК"""
,(Бебешко Анна Вікторівна),Шполянська міська рада,Черкаська область,3,,"ПОЛІТИЧНА ПАРТІЯ ""СИЛЬНА ДЕРЖАВА"""
,(Плосконос Владислав Миколайович),Шполянська міська рада,Черкаська область,3,,"ПОЛІТИЧНА ПАРТІЯ ""УКРАЇНСЬКЕ ОБ’ЄДНАННЯ ПАТРІОТІВ – УКРОП"""
"Громадянин України, народився 06.07.1963 р., освіта вища, член Радикальної партії Олега Ляшка, СПОП ""Відродження"", Ветеринарний лікар, місце проживання: Черкаська обл.., Шполянський р-н., м. Шпола,",(Коваль Наталія Миколаївна),Шполянська міська рада,Черкаська область,3,СМОЛЯНЮК ОЛЕКСАНДР МИКОЛАЙОВИЧ,РАДИКАЛЬНА ПАРТІЯ ОЛЕГА ЛЯШКА
"Громадянин України, народився 04.02.1958 р., освіта вища, безпартійний, На громадських засадах, Помічник консультант народного депутата, місце проживання: Черкаська обл., Шполянський р-н., м.Шпола",(Доценко Максим Васильович),Шполянська міська рада,Черкаська область,4,ПЛОСКОНОС ЮРІЙ МИКОЛАЙОВИЧ,"ПАРТІЯ ""БЛОК ПЕТРА ПОРОШЕНКА ""СОЛІДАРНІСТЬ"""
"Громадянка України, народилася 14.01.1968 р., освіта вища, член політичної партії Всеукраїнське об’єднання ""Батьківщина"", Фізична особа-підприємець, місце проживання: Черкаська обл.., Шполянський р-н., м. Шпола",(Горбач Володимир Павлович),Шполянська міська рада,Черкаська область,4,ЛИТВИН МАРИНА ДМИТРІВНА,"ПОЛІТИЧНА ПАРТІЯ ВСЕУКРАЇНСЬКЕ ОБ’ЄДНАННЯ ""БАТЬКІВЩИНА"""
"Громадянка України, народилася 19.05.1960 р., освіта загальна середня, член політичної партії Всеукраїнське об’єднання ""Свобода"", тимчасово не працює, місце проживання: Черкаська обл.., Шполянський р-н., м.Шпола",(Кишінько Вячеслав Леонтійович),Шполянська міська рада,Черкаська область,4,МЕЛЬНІЧЕНКО НАТАЛІЯ ГЕНАДІЇВНА,"ПОЛІТИЧНА ПАРТІЯ ВСЕУКРАЇНСЬКЕ ОБ’ЄДНАННЯ ""СВОБОДА"""
"Громадянин України, народився 20.12.1972 р., освіта вища, безпартійний, Філія ПАТ""ДПЗКУ""""Шполянський елеватор"", Інженер газового господарства філія ПАТ""ДПЗКУ""""Шполянський елеватор"", місце проживання: м.Шпола, Шполянський р-н., Черкаська обл..",(Кравченко Сергій Володимирович),Шполянська міська рада,Черкаська область,4,ДЕНИСЕНКО ОЛЕГ ФЕДОРОВИЧ,"ПОЛІТИЧНА ПАРТІЯ ВСЕУКРАЇНСЬКЕ ОБ’ЄДНАННЯ ""ЧЕРКАЩАНИ"""
"Громадянин України, народився 06.05.1972 р., освіта професійно-технічна, безпартійний, тимчасово не працює, місце проживання: Черкаська обл., Шполянський р-н., м.Шпола,",(Комар Петро Вікторович),Шполянська міська рада,Черкаська область,4,ЯЦЕНКО ЮРІЙ БОРИСОВИЧ,"ПОЛІТИЧНА ПАРТІЯ ""ГРОМАДЯНСЬКА ПОЗИЦІЯ"""
"Громадянин України, народився 25.01.1949 р., освіта середня спеціальна, безпартійний, пенсіонер, місце проживання: Черкаська обл., Шполянський р-н., м. Шпола",(Шандрук Михайло Арсенович),Шполянська міська рада,Черкаська область,4,ЖДАНОВ ІВАН ВОЛОДИМИРОВИЧ,"ПОЛІТИЧНА ПАРТІЯ ""ОПОЗИЦІЙНИЙ БЛОК"""
"Громадянка України, народилася 21.10.1977 р., освіта вища, безпартійна, Шполянська райлікарня, лікар, місце проживання: Черкаська обл., Шполянський р-н., м. Шпола",(Бебешко Анна Вікторівна),Шполянська міська рада,Черкаська область,4,НАБЕРЕЖНА ТЕТЯНА КОСТЯНТИНІВНА,"ПОЛІТИЧНА ПАРТІЯ ""СИЛЬНА ДЕРЖАВА"""
"Громадянин України, народився 06.09.1983 р., освіта вища, член ПОЛІТИЧНОЇ ПАРТІЇ ""УКРАЇНСЬКЕ ОБ’ЄДНАННЯ ПАТРІОТІВ – УКРОП"", Шполянський технічний коледж товариства сприяння оборони України, директор, місце проживання: Черкаська обл., Шполянський р-н., м. Шпола",(Плосконос Владислав Миколайович),Шполянська міська рада,Черкаська область,4,ПАВЛОВ АНДРІЙ ОЛЕКСАНДРОВИЧ,"ПОЛІТИЧНА ПАРТІЯ ""УКРАЇНСЬКЕ ОБ’ЄДНАННЯ ПАТРІОТІВ – УКРОП"""
,(Коваль Наталія Миколаївна),Шполянська міська рада,Черкаська область,4,,РАДИКАЛЬНА ПАРТІЯ ОЛЕГА ЛЯШКА
"Громадянка України, народилася 03.08.1972 р., освіта вища, безпартійна, Районна газетиа ""Шполянські вісті"", Заступник редактора, місце проживання: Черкаська обл., Шполянський р-н., м.Шпола",(Доценко Максим Васильович),Шполянська міська рада,Черкаська область,5,ВАЛЬЧИКОВСЬКА КАТЕРИНА ЮРІЇВНА,"ПАРТІЯ ""БЛОК ПЕТРА ПОРОШЕНКА ""СОЛІДАРНІСТЬ"""
"Громадянка України, народилася 11.09.1982 р., освіта вища, член політичної партії Всеукраїнське об’єднання ""Батьківщина"", КП ""Комунальник сервіс"" Шполянської міської ради, Головний бухгалтер, місце проживання: Черкаська обл.., Шполянський р-н., м. Шпола",(Горбач Володимир Павлович),Шполянська міська рада,Черкаська область,5,ДЕРЕВ’ЯНКО СВІТЛАНА ВОЛОДИМИРІВНА,"ПОЛІТИЧНА ПАРТІЯ ВСЕУКРАЇНСЬКЕ ОБ’ЄДНАННЯ ""БАТЬКІВЩИНА"""
"Громадянин України, народився 15.07.1953 р., освіта середня спеціальна, член політичної партії Всеукраїнське об’єднання ""Свобода"", Приватний підрпиємець, Приватний підприємець, місце проживання: Черкаська обл.., Шполянський р-н., м.Шпола",(Кишінько Вячеслав Леонтійович),Шполянська міська рада,Черкаська область,5,ПРИСЯЖНЕНКО ОЛЕКСАНДР ОЛЕКСАНДРОВИЧ,"ПОЛІТИЧНА ПАРТІЯ ВСЕУКРАЇНСЬКЕ ОБ’ЄДНАННЯ ""СВОБОДА"""
"Громадянка України, народилася 02.05.1966 р., освіта вища, безпартійна, Поліклінічне відділення Шполянської центральної районної лікарні, Завідуюча поліклінічним відділенням Шполянської центральної районної лікарні, місце проживання: м.Шпола, Шполянський р-н., Черкаська обл..",(Кравченко Сергій Володимирович),Шполянська міська рада,Черкаська область,5,МАЄТНА ЛІДІЯ ПАВЛІВНА,"ПОЛІТИЧНА ПАРТІЯ ВСЕУКРАЇНСЬКЕ ОБ’ЄДНАННЯ ""ЧЕРКАЩАНИ"""
,(Комар Петро Вікторович),Шполянська міська рада,Черкаська область,5,,"ПОЛІТИЧНА ПАРТІЯ ""ГРОМАДЯНСЬКА ПОЗИЦІЯ"""
"Громадянин України, народився 04.03.1957 р., освіта вища, член Політичної Партії ""Опозиційний блок"", пенсіонер, місце проживання: Черкаська обл., Шполянський р-н., м. Шпола",(Шандрук Михайло Арсенович),Шполянська міська рада,Черкаська область,5,ЛАЗАРЕНКО МИКОЛА ГРИГОРОВИЧ,"ПОЛІТИЧНА ПАРТІЯ ""ОПОЗИЦІЙНИЙ БЛОК"""
"Громадянин України, народився 17.04.1963 р., освіта середня спеціальна, безпартійний, пенсіонер, учасник ліквідації аварії ЧАЕС, місце проживання: Черкаська обл., Шполянський р-н., м. Шпола",(Бебешко Анна Вікторівна),Шполянська міська рада,Черкаська область,5,КРАВЧЕНКО ЮРІЙ ВАСИЛЬОВИЧ,"ПОЛІТИЧНА ПАРТІЯ ""СИЛЬНА ДЕРЖАВА"""
,(Плосконос Владислав Миколайович),Шполянська міська рада,Черкаська область,5,,"ПОЛІТИЧНА ПАРТІЯ ""УКРАЇНСЬКЕ ОБ’ЄДНАННЯ ПАТРІОТІВ – УКРОП"""
,(Коваль Наталія Миколаївна),Шполянська міська рада,Черкаська область,5,,РАДИКАЛЬНА ПАРТІЯ ОЛЕГА ЛЯШКА
"Громадянка України, народилася 27.01.1987 р., освіта вища, член ПАРТІЇ ""БЛОК ПЕТРА ПОРОШЕНКА ""СОЛІДАРНІСТЬ"", Шполянська районна державна адміністрація, Головний спеціаліст відділу культури, місце проживання: Черкаська обл., Шполянський р-н., м.Шпола",(Доценко Максим Васильович),Шполянська міська рада,Черкаська область,6,ЯЦЕНКО ІРИНА ВІКТОРІВНА,"ПАРТІЯ ""БЛОК ПЕТРА ПОРОШЕНКА ""СОЛІДАРНІСТЬ"""
"Громадянин України, народився 27.09.1971 р., освіта вища, член політичної партії Всеукраїнське об’єднання ""Батьківщина"", Фізична особа-підприємець, місце проживання: Черкаська обл.., Шполянський р-н., м. Шпола",(Горбач Володимир Павлович),Шполянська міська рада,Черкаська область,6,КРИНИЦЬКИЙ ВАДИМ МИХАЙЛОВИЧ,"ПОЛІТИЧНА ПАРТІЯ ВСЕУКРАЇНСЬКЕ ОБ’ЄДНАННЯ ""БАТЬКІВЩИНА"""
"Громадянин України, народився 30.05.1954 р., освіта вища, член політичної партії Всеукраїнське об’єднання ""Свобода"", пенсіонер, місце проживання: Черкаська обл.., Шполянський р-н., м.Шпола",(Кишінько Вячеслав Леонтійович),Шполянська міська рада,Черкаська область,6,КОРПЯК СТЕПАН ПЕТРОВИЧ,"ПОЛІТИЧНА ПАРТІЯ ВСЕУКРАЇНСЬКЕ ОБ’ЄДНАННЯ ""СВОБОДА"""
"Громадянин України, народився 16.06.1968 р., освіта вища, безпартійний, Приватний підприємець, місце проживання: м.Шпола, Шполянський р-н., Черкаська обл..",(Кравченко Сергій Володимирович),Шполянська міська рада,Черкаська область,6,ВОЛОШЕНЮК ВОЛОДИМИР ОЛЕКСІЙОВИЧ,"ПОЛІТИЧНА ПАРТІЯ ВСЕУКРАЇНСЬКЕ ОБ’ЄДНАННЯ ""ЧЕРКАЩАНИ"""
"Громадянка України, народилася 30.09.1983 р., освіта вища, безпартійна, тимчасово не працює, місце проживання: Черкаська обл., Шполянський р-н., м.Шпола,",(Комар Петро Вікторович),Шполянська міська рада,Черкаська область,6,МУСІЄНКО ЖАННА ВАСИЛІВНА,"ПОЛІТИЧНА ПАРТІЯ ""ГРОМАДЯНСЬКА ПОЗИЦІЯ"""
,(Шандрук Михайло Арсенович),Шполянська міська рада,Черкаська область,6,,"ПОЛІТИЧНА ПАРТІЯ ""ОПОЗИЦІЙНИЙ БЛОК"""
"Громадянка України, народилася 15.02.1955 р., освіта вища, член Політичної партії ""Сильна Держава"", пенсіонер, місце проживання: Черкаська обл., Шполянський р-н., м. Шпола",(Бебешко Анна Вікторівна),Шполянська міська рада,Черкаська область,6,ВЕРБА ЄВДОКІЯ ЗОСИМІВНА,"ПОЛІТИЧНА ПАРТІЯ ""СИЛЬНА ДЕРЖАВА"""
"Громадянин України, народився 11.06.1971 р., освіта професійно-технічна, член ПОЛІТИЧНОЇ ПАРТІЇ ""УКРАЇНСЬКЕ ОБ’ЄДНАННЯ ПАТРІОТІВ – УКРОП"", Товариство з обмеженою відповідальністю ""Шполянська кондитерська фабрика"", охоронник, місце проживання: Черкаська обл., Шполянський р-н., м. Шпола",(Плосконос Владислав Миколайович),Шполянська міська рада,Черкаська область,6,МИХАЛЬЧЕНКО СЕРГІЙ ПАВЛОВИЧ,"ПОЛІТИЧНА ПАРТІЯ ""УКРАЇНСЬКЕ ОБ’ЄДНАННЯ ПАТРІОТІВ – УКРОП"""
"Громадянин України, народився 21.06.1971 р., освіта вища, член Радикальної партії Олега Ляшка, пенсіонер, місце проживання: Черкаська обл.., Шполянський р-н., м. Шпола,",(Коваль Наталія Миколаївна),Шполянська міська рада,Черкаська область,6,КИСІЛЬ КОСТЯНТИН ВОЛОДИМИРОВИЧ,РАДИКАЛЬНА ПАРТІЯ ОЛЕГА ЛЯШКА
"Громадянин України, народився 07.05.1987 р., освіта вища, безпартійний, Приватний підприємець, місце проживання: Черкаська обл., Шполянський р-н., м.Шпола",(Доценко Максим Васильович),Шполянська міська рада,Черкаська область,7,ШЕЙЧУК ВЯЧЕСЛАВ БОРИСОВИЧ,"ПАРТІЯ ""БЛОК ПЕТРА ПОРОШЕНКА ""СОЛІДАРНІСТЬ"""
"Громадянин України, народився 25.03.1980 р., освіта вища, член політичної партії Всеукраїнське об’єднання ""Батьківщина"", ВАТ ""Шполянський РЕМ"", Старший інженер енергонагляду, місце проживання: Черкаська обл.., Шполянський р-н., м. Шпола",(Горбач Володимир Павлович),Шполянська міська рада,Черкаська область,7,ХИЩЕНКО ЮРІЙ ОЛЕКСАНДРОВИЧ,"ПОЛІТИЧНА ПАРТІЯ ВСЕУКРАЇНСЬКЕ ОБ’ЄДНАННЯ ""БАТЬКІВЩИНА"""
"Громадянин України, народився 29.06.1989 р., освіта вища, член політичної партії Всеукраїнське об’єднання ""Свобода"", тимчасово не працює, місце проживання: Черкаська обл.., Шполянський р-н., м.Шпола",(Кишінько Вячеслав Леонтійович),Шполянська міська рада,Черкаська область,7,РОМАШОВ АНАТОЛІЙ ВАСИЛЬОВИЧ,"ПОЛІТИЧНА ПАРТІЯ ВСЕУКРАЇНСЬКЕ ОБ’ЄДНАННЯ ""СВОБОДА"""
"Громадянка України, народилася 16.09.1963 р., освіта вища, безпартійна, ЦВПЗ Шпола – ЧД УДППЗ""Укрпошта, Начальник ЦВПЗ Шпола – ЧД УДППЗ""Укрпошта"", місце проживання: м.Шпола, Шполянський р-н., Черкаська обл..",(Кравченко Сергій Володимирович),Шполянська міська рада,Черкаська область,7,КУЦЕНКО ОЛЕНА ІВАНІВНА,"ПОЛІТИЧНА ПАРТІЯ ВСЕУКРАЇНСЬКЕ ОБ’ЄДНАННЯ ""ЧЕРКАЩАНИ"""
"Громадянка України, народилася 08.10.1988 р., освіта інші види освіти, безпартійна, тимчасово не працює, місце проживання: Черкаська обл., Шполянський р-н., м.Шпола,",(Комар Петро Вікторович),Шполянська міська рада,Черкаська область,7,ГОНЧАР ІННА АНАТОЛІЇВНА,"ПОЛІТИЧНА ПАРТІЯ ""ГРОМАДЯНСЬКА ПОЗИЦІЯ"""
,(Шандрук Михайло Арсенович),Шполянська міська рада,Черкаська область,7,,"ПОЛІТИЧНА ПАРТІЯ ""ОПОЗИЦІЙНИЙ БЛОК"""
,(Бебешко Анна Вікторівна),Шполянська міська рада,Черкаська область,7,,"ПОЛІТИЧНА ПАРТІЯ ""СИЛЬНА ДЕРЖАВА"""
"Громадянка України, народилася 11.02.1958 р., освіта вища, безпартійна, пенсіонер, місце проживання: Черкаська обл., Шполянський р-н., м. Шпола",(Плосконос Владислав Миколайович),Шполянська міська рада,Черкаська область,7,КРИЖАНІВСЬКА НАТАЛІЯ МИКОЛАЇВНА,"ПОЛІТИЧНА ПАРТІЯ ""УКРАЇНСЬКЕ ОБ’ЄДНАННЯ ПАТРІОТІВ – УКРОП"""
,(Коваль Наталія Миколаївна),Шполянська міська рада,Черкаська область,7,,РАДИКАЛЬНА ПАРТІЯ ОЛЕГА ЛЯШКА
"Громадянин України, народився 11.07.1967 р., освіта загальна середня, безпартійний, тимчасово не працює, місце проживання: Черкаська обл., Шполянський р-н., м.Шпола",(Доценко Максим Васильович),Шполянська міська рада,Черкаська область,8,ТУЛУМАН ІГОР АНДРІЙОВИЧ,"ПАРТІЯ ""БЛОК ПЕТРА ПОРОШЕНКА ""СОЛІДАРНІСТЬ"""
"Громадянин України, народився 31.12.1977 р., освіта вища, член політичної партії Всеукраїнське об’єднання ""Батьківщина"", ТОВ ""Шполабіозахист"", Заступник директора, місце проживання: Черкаська обл.., Шполянський р-н., м. Шпола",(Горбач Володимир Павлович),Шполянська міська рада,Черкаська область,8,КРИМЧАК ВІКТОР МИХАЙЛОВИЧ,"ПОЛІТИЧНА ПАРТІЯ ВСЕУКРАЇНСЬКЕ ОБ’ЄДНАННЯ ""БАТЬКІВЩИНА"""
"Громадянин України, народився 05.05.1980 р., освіта загальна середня, член політичної партії Всеукраїнське об’єднання ""Свобода"", Збройні сили України, військовий, місце проживання: Черкаська обл.., Шполянський р-н., м.Шпола",(Кишінько Вячеслав Леонтійович),Шполянська міська рада,Черкаська область,8,ПАХОЛКО ОЛЕГ МИКОЛАЙОВИЧ,"ПОЛІТИЧНА ПАРТІЯ ВСЕУКРАЇНСЬКЕ ОБ’ЄДНАННЯ ""СВОБОДА"""
"Громадянин України, народився 31.12.1983 р., освіта вища, член політичної партії Всеукраїнське об’єднання ""ЧЕРКАЩАНИ"", Шполянська районна центральна лікарня, Лікар, місце проживання: м.Шпола, Шполянський р-н., Черкаська обл..",(Кравченко Сергій Володимирович),Шполянська міська рада,Черкаська область,8,ГОЛУБ ЮРІЙ ВІКТОРОВИЧ,"ПОЛІТИЧНА ПАРТІЯ ВСЕУКРАЇНСЬКЕ ОБ’ЄДНАННЯ ""ЧЕРКАЩАНИ"""
"Громадянин України, народився 30.09.1970 р., освіта вища, член Політичної партії ""Громадянська позиція"", тимчасово не працює, місце проживання: Черкаська обл., Шполянський р-н., м.Шпола,",(Комар Петро Вікторович),Шполянська міська рада,Черкаська область,8,МОШЕНСЬКИЙ СЕРГІЙ ВАСИЛЬОВИЧ,"ПОЛІТИЧНА ПАРТІЯ ""ГРОМАДЯНСЬКА ПОЗИЦІЯ"""
,(Шандрук Михайло Арсенович),Шполянська міська рада,Черкаська область,8,,"ПОЛІТИЧНА ПАРТІЯ ""ОПОЗИЦІЙНИЙ БЛОК"""
"Громадянин України, народився 22.03.1968 р., освіта загальна середня, безпартійний, благодійна організація ""Благодійний молодіжний центр"", директор благодійної організації, місце проживання: Черкаська обл., Шполянський р-н., м. Шпола",(Бебешко Анна Вікторівна),Шполянська міська рада,Черкаська область,8,КАВУН ОЛЕКСАНДР АНДРІЙОВИЧ,"ПОЛІТИЧНА ПАРТІЯ ""СИЛЬНА ДЕРЖАВА"""
"Громадянин України, народився 02.08.1961 р., освіта вища, безпартійний, Головне територіальне управління юстиції в Черкаській області, державний реєстратор, місце проживання: Черкаська обл., Шполянський р-н., м. Шпола",(Плосконос Владислав Миколайович),Шполянська міська рада,Черкаська область,8,КІЛЬЧЕНКО СЕРГІЙ МИКОЛАЙОВИЧ,"ПОЛІТИЧНА ПАРТІЯ ""УКРАЇНСЬКЕ ОБ’ЄДНАННЯ ПАТРІОТІВ – УКРОП"""
"Громадянин України, народився 02.04.1986 р., освіта вища, член Радикальної партії Олега Ляшка, СПОП ""Відродження"", Директор, місце проживання: Черкаська обл.., Шполянський р-н., м. Шпола,",(Коваль Наталія Миколаївна),Шполянська міська рада,Черкаська область,8,МИХАЛЬЧЕНКО ВОЛОДИМИР ПАВЛОВИЧ,РАДИКАЛЬНА ПАРТІЯ ОЛЕГА ЛЯШКА
"Громадянин України, народився 04.12.1978 р., освіта вища, безпартійний, Шполянське відділення Смілянської ОДПІ, Начальник відділу доходів і зборів з фізичних осіб, місце проживання: Черкаська обл., Шполянський р-н., м.Шпола",(Доценко Максим Васильович),Шполянська міська рада,Черкаська область,9,КИРИЧЕНКО ОЛЕКСАНДР МИКОЛАЙОВИЧ,"ПАРТІЯ ""БЛОК ПЕТРА ПОРОШЕНКА ""СОЛІДАРНІСТЬ"""
"Громадянин України, народився 14.09.1977 р., освіта вища, член політичної партії Всеукраїнське об’єднання ""Батьківщина"", Фізична особа-підприємець, місце проживання: Черкаська обл.., Шполянський р-н., м. Шпола",(Горбач Володимир Павлович),Шполянська міська рада,Черкаська область,9,СОВГИРЯ МИКОЛА ВОЛОДИМИРОВИЧ,"ПОЛІТИЧНА ПАРТІЯ ВСЕУКРАЇНСЬКЕ ОБ’ЄДНАННЯ ""БАТЬКІВЩИНА"""
"Громадянин України, народився 03.01.1960 р., освіта вища, член політичної партії Всеукраїнське об’єднання ""Свобода"", Учасник АТО,командир мотопіхотної роти, Збройні сили України, місце проживання: Черкаська обл.., Шполянський р-н., м.Шпола",(Кишінько Вячеслав Леонтійович),Шполянська міська рада,Черкаська область,9,БЕЗУГЛИЙ СЕРГІЙ ОЛЕКСАНДРОВИЧ,"ПОЛІТИЧНА ПАРТІЯ ВСЕУКРАЇНСЬКЕ ОБ’ЄДНАННЯ ""СВОБОДА"""
"Громадянин України, народився 09.06.1977 р., освіта вища, член політичної партії Всеукраїнське об’єднання ""ЧЕРКАЩАНИ"", ПП""Метроагрофірма"", Директор ПП""Метроагрофірма"", місце проживання: м.Шпола, Шполянський р-н., Черкаська обл..",(Кравченко Сергій Володимирович),Шполянська міська рада,Черкаська область,9,ПОСТЕРНАК ІГОР АНАТОЛІЙОВИЧ,"ПОЛІТИЧНА ПАРТІЯ ВСЕУКРАЇНСЬКЕ ОБ’ЄДНАННЯ ""ЧЕРКАЩАНИ"""
"Громадянин України, народився 16.08.1975 р., освіта загальна середня, безпартійний, тимчасово не працює, місце проживання: Черкаська обл., Шполянський р-н., м.Шпола,",(Комар Петро Вікторович),Шполянська міська рада,Черкаська область,9,ПЕТРЕНКО ОЛЕКСАНДР ІВАНОВИЧ,"ПОЛІТИЧНА ПАРТІЯ ""ГРОМАДЯНСЬКА ПОЗИЦІЯ"""
,(Шандрук Михайло Арсенович),Шполянська міська рада,Черкаська область,9,,"ПОЛІТИЧНА ПАРТІЯ ""ОПОЗИЦІЙНИЙ БЛОК"""
,(Бебешко Анна Вікторівна),Шполянська міська рада,Черкаська область,9,,"ПОЛІТИЧНА ПАРТІЯ ""СИЛЬНА ДЕРЖАВА"""
"Громадянин України, народився 25.12.1986 р., освіта вища, член ПОЛІТИЧНОЇ ПАРТІЇ ""УКРАЇНСЬКЕ ОБ’ЄДНАННЯ ПАТРІОТІВ – УКРОП"", Товариство з обмеженою відповідальністю ""Вторметал"", Приймаль-ник-відправник, місце проживання: Черкаська обл., Шполянський р-н., м. Шпола",(Плосконос Владислав Миколайович),Шполянська міська рада,Черкаська область,9,КИЛИМИСТИЙ СЕРГІЙ МИКОЛАЙОВИЧ,"ПОЛІТИЧНА ПАРТІЯ ""УКРАЇНСЬКЕ ОБ’ЄДНАННЯ ПАТРІОТІВ – УКРОП"""
,(Коваль Наталія Миколаївна),Шполянська міська рада,Черкаська область,9,,РАДИКАЛЬНА ПАРТІЯ ОЛЕГА ЛЯШКА
"Громадянин України, народився 07.02.1965 р., освіта вища, член ПАРТІЇ ""БЛОК ПЕТРА ПОРОШЕНКА ""СОЛІДАРНІСТЬ"", Шполянська РДА, Адміністратор сектору адміністративно дозвільних процедур апарату, місце проживання: Черкаська обл., Шполянський р-н., м.Шпола",(Доценко Максим Васильович),Шполянська міська рада,Черкаська область,10,ПЛОСКОНОС ЮРІЙ МИКОЛАЙОВИЧ,"ПАРТІЯ ""БЛОК ПЕТРА ПОРОШЕНКА ""СОЛІДАРНІСТЬ"""
"Громадянин України, народився 07.04.1985 р., освіта вища, член політичної партії Всеукраїнське об’єднання ""Батьківщина"", Фізична особа-підприємець, місце проживання: Черкаська обл.., Шполянський р-н., м. Шпола",(Горбач Володимир Павлович),Шполянська міська рада,Черкаська область,10,КОВАЛЕНКО ДМИТРО МИКОЛАЙОВИЧ,"ПОЛІТИЧНА ПАРТІЯ ВСЕУКРАЇНСЬКЕ ОБ’ЄДНАННЯ ""БАТЬКІВЩИНА"""
"Громадянка України, народилася 30.09.1983 р., освіта вища, член політичної партії Всеукраїнське об’єднання ""Свобода"", ПАТ ""Платинум банк"", Фінансовий консультант, місце проживання: Черкаська обл.., Шполянський р-н., с.Лебедин",(Кишінько Вячеслав Леонтійович),Шполянська міська рада,Черкаська область,10,ЛОЗОВА ГАЛИНА ІВАНІВНА,"ПОЛІТИЧНА ПАРТІЯ ВСЕУКРАЇНСЬКЕ ОБ’ЄДНАННЯ ""СВОБОДА"""
"Громадянин України, народився 28.09.1961 р., освіта вища, член політичної партії Всеукраїнське об’єднання ""ЧЕРКАЩАНИ"", Шполянський НВК №3, вчитель, місце проживання: м.Шпола, Шполянський р-н., Черкаська обл..",(Кравченко Сергій Володимирович),Шполянська міська рада,Черкаська область,10,ОСАДЧИЙ АНАТОЛІЙ ПАВЛОВИЧ,"ПОЛІТИЧНА ПАРТІЯ ВСЕУКРАЇНСЬКЕ ОБ’ЄДНАННЯ ""ЧЕРКАЩАНИ"""
"Громадянин України, народився 05.01.1947 р., освіта вища, безпартійний, пенсіонер, місце проживання: Черкаська обл., Шполянський р-н., м.Шпола,",(Комар Петро Вікторович),Шполянська міська рада,Черкаська область,10,ПАПУШНЯК МИКОЛА ДЕМИДОВИЧ,"ПОЛІТИЧНА ПАРТІЯ ""ГРОМАДЯНСЬКА ПОЗИЦІЯ"""
,(Шандрук Михайло Арсенович),Шполянська міська рада,Черкаська область,10,,"ПОЛІТИЧНА ПАРТІЯ ""ОПОЗИЦІЙНИЙ БЛОК"""
"Громадянин України, народився 10.04.1984 р., освіта вища, безпартійний, ПрАТ ""Шполатехагро, начальник ремонтно-механічної дільниці, місце проживання: Черкаська обл., Шполянський р-н., м. Шпола",(Бебешко Анна Вікторівна),Шполянська міська рада,Черкаська область,10,ГАВРИЛОВ ОЛЕКСАНДР ВІКТОРОВИЧ,"ПОЛІТИЧНА ПАРТІЯ ""СИЛЬНА ДЕРЖАВА"""
,(Плосконос Владислав Миколайович),Шполянська міська рада,Черкаська область,10,,"ПОЛІТИЧНА ПАРТІЯ ""УКРАЇНСЬКЕ ОБ’ЄДНАННЯ ПАТРІОТІВ – УКРОП"""
,(Коваль Наталія Миколаївна),Шполянська міська рада,Черкаська область,10,,РАДИКАЛЬНА ПАРТІЯ ОЛЕГА ЛЯШКА
"Громадянка України, народилася 05.04.1980 р., освіта вища, безпартійна, Шполянська районна державна адміністрація, Заступник начальника управління соціального захисту населення, місце проживання: Черкаська обл., Шполянський р-н., м.Шпола",(Доценко Максим Васильович),Шполянська міська рада,Черкаська область,11,ФАРШТЕЙН ОЛЕНА ЮРІЇВНА,"ПАРТІЯ ""БЛОК ПЕТРА ПОРОШЕНКА ""СОЛІДАРНІСТЬ"""
"Громадянин України, народився 10.02.1982 р., освіта вища, член політичної партії Всеукраїнське об’єднання ""Батьківщина"", ПрАТ ""Шполатехагро"", Юрист, місце проживання: Черкаська обл.., Шполянський р-н., м. Шпола",(Горбач Володимир Павлович),Шполянська міська рада,Черкаська область,11,ЗАКУСІЛО ОЛЕКСАНДР МИКОЛАЙОВИЧ,"ПОЛІТИЧНА ПАРТІЯ ВСЕУКРАЇНСЬКЕ ОБ’ЄДНАННЯ ""БАТЬКІВЩИНА"""
"Громадянин України, народився 29.11.1979 р., освіта незакінчена вища, член політичної партії Всеукраїнське об’єднання ""Свобода"", Збройні сили України, Тимчасово не працює, місце проживання: Черкаська обл.., Шполянський р-н., м.Шпола",(Кишінько Вячеслав Леонтійович),Шполянська міська рада,Черкаська область,11,ГОНЧАРЕНКО АНДРІЙ ВІТАЛІЙОВИЧ,"ПОЛІТИЧНА ПАРТІЯ ВСЕУКРАЇНСЬКЕ ОБ’ЄДНАННЯ ""СВОБОДА"""
"Громадянка України, народилася 12.11.1981 р., освіта вища, член політичної партії Всеукраїнське об’єднання ""ЧЕРКАЩАНИ"", Приватний підприємець, місце проживання: м.Шпола, Шполянський р-н., Черкаська обл..",(Кравченко Сергій Володимирович),Шполянська міська рада,Черкаська область,11,НЕВЕЧЕРЯ ІРИНА ПАВЛІВНА,"ПОЛІТИЧНА ПАРТІЯ ВСЕУКРАЇНСЬКЕ ОБ’ЄДНАННЯ ""ЧЕРКАЩАНИ"""
"Громадянин України, народився 13.03.1953 р., освіта загальна середня, член Політичної партії ""Громадянська позиція"", пенсіонер, місце проживання: Черкаська обл., Шполянський р-н., м.Шпола,",(Комар Петро Вікторович),Шполянська міська рада,Черкаська область,11,ВАЛЕНЦІОНОК ОЛЕКСАНДР ВОЛОДИМИРОВИЧ,"ПОЛІТИЧНА ПАРТІЯ ""ГРОМАДЯНСЬКА ПОЗИЦІЯ"""
"Громадянин України, народився 25.08.1949 р., освіта вища, безпартійний, пенсіонер, місце проживання: Черкаська обл., Шполянський р-н., м. Шпола",(Шандрук Михайло Арсенович),Шполянська міська рада,Черкаська область,11,ІВАНОВ АНДРІЙ ГРИГОРОВИЧ,"ПОЛІТИЧНА ПАРТІЯ ""ОПОЗИЦІЙНИЙ БЛОК"""
"Громадянка України, народилася 06.05.1971 р., освіта вища, член Політичної партії ""Сильна Держава"", Шполянський НВК-ліцей №2, вчитель української мови, місце проживання: Черкаська обл., Шполянський р-н., м. Шпола",(Бебешко Анна Вікторівна),Шполянська міська рада,Черкаська область,11,БРОГАРЕНКО ІРИНА АНДРІЇВНА,"ПОЛІТИЧНА ПАРТІЯ ""СИЛЬНА ДЕРЖАВА"""
"Громадянин України, народився 11.04.1965 р., освіта професійно-технічна, безпартійний, фізична особа - підприємець, місце проживання: Черкаська обл., Шполянський р-н., м. Шпола",(Плосконос Владислав Миколайович),Шполянська міська рада,Черкаська область,11,ШЕВЧЕНКО СЕРГІЙ АНАТОЛІЙОВИЧ,"ПОЛІТИЧНА ПАРТІЯ ""УКРАЇНСЬКЕ ОБ’ЄДНАННЯ ПАТРІОТІВ – УКРОП"""
,(Коваль Наталія Миколаївна),Шполянська міська рада,Черкаська область,11,,РАДИКАЛЬНА ПАРТІЯ ОЛЕГА ЛЯШКА
"Громадянин України, народився 29.12.1967 р., освіта вища, безпартійний, Шполянська районна державна адміністрація, Державний інспектор сільського господарства, місце проживання: Черкаська обл., Шполянський р-н., м.Шпола",(Доценко Максим Васильович),Шполянська міська рада,Черкаська область,12,ЗБРИЗЬКИЙ ВІКТОР МИКОЛАЙОВИЧ,"ПАРТІЯ ""БЛОК ПЕТРА ПОРОШЕНКА ""СОЛІДАРНІСТЬ"""
"Громадянин України, народився 11.02.1966 р., освіта вища, член політичної партії Всеукраїнське об’єднання ""Батьківщина"", Комунальне Підприємство ""Комунальник-Сервіс"" Шполянської міської ради, Директор, місце проживання: Черкаська обл.., Шполянський р-н., м. Шпола",(Горбач Володимир Павлович),Шполянська міська рада,Черкаська область,12,ПЛАСТУН ВАСИЛЬ ВОЛОДИМИРОВИЧ,"ПОЛІТИЧНА ПАРТІЯ ВСЕУКРАЇНСЬКЕ ОБ’ЄДНАННЯ ""БАТЬКІВЩИНА"""
"Громадянин України, народився 25.06.1959 р., освіта вища, член політичної партії Всеукраїнське об’єднання ""Свобода"", Приватний підприємець, місце проживання: Черкаська обл.., Шполянський р-н., м.Шпола",(Кишінько Вячеслав Леонтійович),Шполянська міська рада,Черкаська область,12,КЕПША СЕРГІЙ МИХАЙЛОВИЧ,"ПОЛІТИЧНА ПАРТІЯ ВСЕУКРАЇНСЬКЕ ОБ’ЄДНАННЯ ""СВОБОДА"""
"Громадянка України, народилася 06.05.1976 р., освіта вища, безпартійна, Матусівська ДЮСШ, Директор Матусівської ДЮСШ, місце проживання: м.Шпола, Шполянський р-н., Черкаська обл..",(Кравченко Сергій Володимирович),Шполянська міська рада,Черкаська область,12,СТЕЦЕНКО НАДІЯ ВАСИЛІВНА,"ПОЛІТИЧНА ПАРТІЯ ВСЕУКРАЇНСЬКЕ ОБ’ЄДНАННЯ ""ЧЕРКАЩАНИ"""
"Громадянин України, народився 12.09.1961 р., освіта загальна середня, безпартійний, Комунальне підприємство ""Благоустрій"", Водій, місце проживання: Черкаська обл., Шполянський р-н., м.Шпола,",(Комар Петро Вікторович),Шполянська міська рада,Черкаська область,12,СОЛОМКО ВОЛОДИМИР БОРИСОВИЧ,"ПОЛІТИЧНА ПАРТІЯ ""ГРОМАДЯНСЬКА ПОЗИЦІЯ"""
,(Шандрук Михайло Арсенович),Шполянська міська рада,Черкаська область,12,,"ПОЛІТИЧНА ПАРТІЯ ""ОПОЗИЦІЙНИЙ БЛОК"""
,(Бебешко Анна Вікторівна),Шполянська міська рада,Черкаська область,12,,"ПОЛІТИЧНА ПАРТІЯ ""СИЛЬНА ДЕРЖАВА"""
,(Плосконос Владислав Миколайович),Шполянська міська рада,Черкаська область,12,,"ПОЛІТИЧНА ПАРТІЯ ""УКРАЇНСЬКЕ ОБ’ЄДНАННЯ ПАТРІОТІВ – УКРОП"""
,(Коваль Наталія Миколаївна),Шполянська міська рада,Черкаська область,12,,РАДИКАЛЬНА ПАРТІЯ ОЛЕГА ЛЯШКА
"Громадянин України, народився 04.01.1973 р., освіта вища, член ПАРТІЇ ""БЛОК ПЕТРА ПОРОШЕНКА ""СОЛІДАРНІСТЬ"", Шполянський районний центр соціальних служб для сімї, дітей та молоді, Директор, місце проживання: Черкаська обл., Шполянський р-н., м.Шпола",(Доценко Максим Васильович),Шполянська міська рада,Черкаська область,13,КОЗОРІЗ ЮРІЙ ОЛЕКСІЙОВИЧ,"ПАРТІЯ ""БЛОК ПЕТРА ПОРОШЕНКА ""СОЛІДАРНІСТЬ"""
"Громадянин України, народився 24.10.1951 р., освіта вища, член політичної партії Всеукраїнське об’єднання ""Батьківщина"", Фізична особа - підприємець, місце проживання: Черкаська обл.., Шполянський р-н., м. Шпола",(Горбач Володимир Павлович),Шполянська міська рада,Черкаська область,13,ЛАСУН ВАЛЕРІЙ ГРИГОРОВИЧ,"ПОЛІТИЧНА ПАРТІЯ ВСЕУКРАЇНСЬКЕ ОБ’ЄДНАННЯ ""БАТЬКІВЩИНА"""
"Громадянин України, народився 01.01.1938 р., освіта середня спеціальна, член політичної партії Всеукраїнське об’єднання ""Свобода"", пенсіонер, місце проживання: Черкаська обл.., Шполянський р-н., м.Шпола",(Кишінько Вячеслав Леонтійович),Шполянська міська рада,Черкаська область,13,МАЗУРИК СТАНІСЛАВ МИКОЛАЙОВИЧ,"ПОЛІТИЧНА ПАРТІЯ ВСЕУКРАЇНСЬКЕ ОБ’ЄДНАННЯ ""СВОБОДА"""
"Громадянин України, народився 31.05.1981 р., освіта вища, член політичної партії Всеукраїнське об’єднання ""ЧЕРКАЩАНИ"", Держгеокадастр у Шполянському районі Черкаської області., В.о.начальника відділу Держгеокадастру, місце проживання: м.Шпола, Шполянський р-н., Черкаська обл..",(Кравченко Сергій Володимирович),Шполянська міська рада,Черкаська область,13,ЗАЄЦЬ СЕРГІЙ ПЕТРОВИЧ,"ПОЛІТИЧНА ПАРТІЯ ВСЕУКРАЇНСЬКЕ ОБ’ЄДНАННЯ ""ЧЕРКАЩАНИ"""
"Громадянин України, народився 09.03.1963 р., освіта вища, член Політичної партії ""Громадянська позиція"", ТОВ Оріон-гласс, інженер, місце проживання: Черкаська обл., Шполянський р-н., м.Шпола,",(Комар Петро Вікторович),Шполянська міська рада,Черкаська область,13,ШКУРЕНКО СЕРГІЙ ЯКОВИЧ,"ПОЛІТИЧНА ПАРТІЯ ""ГРОМАДЯНСЬКА ПОЗИЦІЯ"""
"Громадянин України, народився 17.08.1938 р., освіта загальна середня, безпартійний, пенсіонер, місце проживання: Черкаська обл., Шполянський р-н., м. Шпола",(Шандрук Михайло Арсенович),Шполянська міська рада,Черкаська область,13,ПОЛІЩУК ОЛЕКСАНДР СЕРГІЙОВИЧ,"ПОЛІТИЧНА ПАРТІЯ ""ОПОЗИЦІЙНИЙ БЛОК"""
"Громадянка України, народилася 11.03.1963 р., освіта середня спеціальна, безпартійна, безробітна, місце проживання: Черкаська обл., Шполянський р-н., м. Шпола",(Бебешко Анна Вікторівна),Шполянська міська рада,Черкаська область,13,СКОТАР ЛАРИСА ІВАНІВНА,"ПОЛІТИЧНА ПАРТІЯ ""СИЛЬНА ДЕРЖАВА"""
"Громадянка України, народилася 22.09.1984 р., освіта вища, безпартійна, Шполянська районна рада, радник голови, місце проживання: Черкаська обл., Шполянський р-н., м. Шпола",(Плосконос Владислав Миколайович),Шполянська міська рада,Черкаська область,13,ШУЛЬГА ВАЛЕНТИНА СЕРГІЇВНА,"ПОЛІТИЧНА ПАРТІЯ ""УКРАЇНСЬКЕ ОБ’ЄДНАННЯ ПАТРІОТІВ – УКРОП"""
"Громадянка України, народилася 29.03.1967 р., освіта загальна середня, член Радикальної партії Олега Ляшка, Приватний підприємець, місце проживання: Черкаська обл.., Шполянський р-н., м. Шпола,",(Коваль Наталія Миколаївна),Шполянська міська рада,Черкаська область,13,КИЧАТА КАТЕРИНА АНДРІЇВНА,РАДИКАЛЬНА ПАРТІЯ ОЛЕГА ЛЯШКА
"Громадянин України, народився 07.11.1952 р., освіта вища, член ПАРТІЇ ""БЛОК ПЕТРА ПОРОШЕНКА ""СОЛІДАРНІСТЬ"", Шполянська районна державна адміністрація, Начальник відділу культури і туризму, місце проживання: Черкаська обл., Шполянський р-н., м.Шпола",(Доценко Максим Васильович),Шполянська міська рада,Черкаська область,14,ВОВК ДМИТРО ВАСИЛЬОВИЧ,"ПАРТІЯ ""БЛОК ПЕТРА ПОРОШЕНКА ""СОЛІДАРНІСТЬ"""
"Громадянка України, народилася 30.06.1984 р., освіта вища, член політичної партії Всеукраїнське об’єднання ""Батьківщина"", Приватний нотаріус Шполянського Районного нотаріального округу Горбач В.П., Помічник нотаріуса, місце проживання: Черкаська обл.., Шполянський р-н., м. Шпола",(Горбач Володимир Павлович),Шполянська міська рада,Черкаська область,14,ШУМЕЙКО ЛЕСЯ ВАСИЛІВНА,"ПОЛІТИЧНА ПАРТІЯ ВСЕУКРАЇНСЬКЕ ОБ’ЄДНАННЯ ""БАТЬКІВЩИНА"""
"Громадянин України, народився 27.10.1972 р., освіта професійно-технічна, член політичної партії Всеукраїнське об’єднання ""Свобода"", ФОП, місце проживання: Черкаська обл.., Шполянський р-н., м.Шпола",(Кишінько Вячеслав Леонтійович),Шполянська міська рада,Черкаська область,14,ЗАСКАЛЕНА ВАЛЕРІЙ МИКОЛАЙОВИЧ,"ПОЛІТИЧНА ПАРТІЯ ВСЕУКРАЇНСЬКЕ ОБ’ЄДНАННЯ ""СВОБОДА"""
"Громадянин України, народився 30.01.1986 р., освіта вища, безпартійний, Апарат міської ради м.Шполи, Заступник міського голови з питань діяльності виконавчих органів влади, місце проживання: м.Шпола, Шполянський р-н., Черкаська обл..",(Кравченко Сергій Володимирович),Шполянська міська рада,Черкаська область,14,ПЛЕТІНЬ ВІТАЛІЙ ВОЛОДИМИРОВИЧ,"ПОЛІТИЧНА ПАРТІЯ ВСЕУКРАЇНСЬКЕ ОБ’ЄДНАННЯ ""ЧЕРКАЩАНИ"""
"Громадянка України, народилася 15.09.1976 р., освіта вища, безпартійна, ПАТ ""Сигнаївський комбінат хлібопродуктів, Головний бухгалтер, місце проживання: Черкаська обл., Шполянський р-н., м.Шпола,",(Комар Петро Вікторович),Шполянська міська рада,Черкаська область,14,ШВІРИНЬ ВАЛЕНТИНА ВІКТОРІВНА,"ПОЛІТИЧНА ПАРТІЯ ""ГРОМАДЯНСЬКА ПОЗИЦІЯ"""
"Громадянка України, народилася 16.01.1984 р., освіта професійно-технічна, член Політичної Партії ""Опозиційний блок"", Сільськогосподарське приватно-орендне підприємство ""Відродження"", Начальник відділу кадрів, місце проживання: Черкаська обл., Шполянський р-н., м. Шпола",(Шандрук Михайло Арсенович),Шполянська міська рада,Черкаська область,14,ЮХИМЕНКО ОКСАНА ВІКТОРІВНА,"ПОЛІТИЧНА ПАРТІЯ ""ОПОЗИЦІЙНИЙ БЛОК"""
,(Бебешко Анна Вікторівна),Шполянська міська рада,Черкаська область,14,,"ПОЛІТИЧНА ПАРТІЯ ""СИЛЬНА ДЕРЖАВА"""
"Громадянин України, народився 05.11.1965 р., освіта професійно-технічна, безпартійний, Публічне акціонерне товариство ""Шполянський молокозавод"", технічний директор, місце проживання: Черкаська обл., Шполянський р-н., м. Шпола",(Плосконос Владислав Миколайович),Шполянська міська рада,Черкаська область,14,КУЧЕРЕНКО ВАЛЕРІЙ ФЕДОРОВИЧ,"ПОЛІТИЧНА ПАРТІЯ ""УКРАЇНСЬКЕ ОБ’ЄДНАННЯ ПАТРІОТІВ – УКРОП"""
"Громадянин України, народився 19.06.1959 р., освіта вища, член Радикальної партії Олега Ляшка, СПОП ""Агро-Прогрес"", Агроном, місце проживання: Черкаська обл.., Шполянський р-н., м. Шпола,",(Коваль Наталія Миколаївна),Шполянська міська рада,Черкаська область,14,КОВАЛЬ ВАСИЛЬ ВАСИЛЬОВИЧ,РАДИКАЛЬНА ПАРТІЯ ОЛЕГА ЛЯШКА
"Громадянка України, народилася 06.07.1975 р., освіта вища, безпартійна, КЗ ""Шполянський районний ЦПМСД"", Заступник головного лікаря з медичного обслуговування населення, місце проживання: Черкаська обл., Шполянський р-н., м.Шпола",(Доценко Максим Васильович),Шполянська міська рада,Черкаська область,15,КЛЮКОВСЬКА ЛЕСЯ ОЛЕКСІЇВНА,"ПАРТІЯ ""БЛОК ПЕТРА ПОРОШЕНКА ""СОЛІДАРНІСТЬ"""
"Громадянин України, народився 16.08.1969 р., освіта вища, член політичної партії Всеукраїнське об’єднання ""Батьківщина"", ТОВ ""Шполабіозахист"", Директор, місце проживання: Черкаська обл.., Шполянський р-н., м. Шпола",(Горбач Володимир Павлович),Шполянська міська рада,Черкаська область,15,МАРТИНЮК ОЛЕГ МИКОЛАЙОВИЧ,"ПОЛІТИЧНА ПАРТІЯ ВСЕУКРАЇНСЬКЕ ОБ’ЄДНАННЯ ""БАТЬКІВЩИНА"""
"Громадянка України, народилася 28.03.1984 р., освіта професійно-технічна, член політичної партії Всеукраїнське об’єднання ""Свобода"", тимчасово не працює, домогосподарка, місце проживання: Черкаська обл.., Шполянський р-н., м.Шпола",(Кишінько Вячеслав Леонтійович),Шполянська міська рада,Черкаська область,15,РУСАНОВА ТЕТЯНА МИКОЛАЇВНА,"ПОЛІТИЧНА ПАРТІЯ ВСЕУКРАЇНСЬКЕ ОБ’ЄДНАННЯ ""СВОБОДА"""
"Громадянин України, народився 13.10.1984 р., освіта вища, безпартійний, Приватний підприємець, місце проживання: м.Шпола, Шполянський р-н., Черкаська обл..",(Кравченко Сергій Володимирович),Шполянська міська рада,Черкаська область,15,АРТЕМЕНКО ІГОР ВІКТОРОВИЧ,"ПОЛІТИЧНА ПАРТІЯ ВСЕУКРАЇНСЬКЕ ОБ’ЄДНАННЯ ""ЧЕРКАЩАНИ"""
"Громадянин України, народився 10.02.1980 р., освіта професійно-технічна, член Політичної партії ""Громадянська позиція"", тимчасово не працює, місце проживання: Черкаська обл., Шполянський р-н., м.Шпола,",(Комар Петро Вікторович),Шполянська міська рада,Черкаська область,15,КЛЮКОВСЬКИЙ РУСЛАН АНТОНОВИЧ,"ПОЛІТИЧНА ПАРТІЯ ""ГРОМАДЯНСЬКА ПОЗИЦІЯ"""
,(Шандрук Михайло Арсенович),Шполянська міська рада,Черкаська область,15,,"ПОЛІТИЧНА ПАРТІЯ ""ОПОЗИЦІЙНИЙ БЛОК"""
,(Бебешко Анна Вікторівна),Шполянська міська рада,Черкаська область,15,,"ПОЛІТИЧНА ПАРТІЯ ""СИЛЬНА ДЕРЖАВА"""
,(Плосконос Владислав Миколайович),Шполянська міська рада,Черкаська область,15,,"ПОЛІТИЧНА ПАРТІЯ ""УКРАЇНСЬКЕ ОБ’ЄДНАННЯ ПАТРІОТІВ – УКРОП"""
,(Коваль Наталія Миколаївна),Шполянська міська рада,Черкаська область,15,,РАДИКАЛЬНА ПАРТІЯ ОЛЕГА ЛЯШКА
"Громадянка України, народилася 29.07.1966 р., освіта вища, безпартійна, ""Парк дитячого дозвілля"", Директор позашкільного закладу, місце проживання: Черкаська обл., Шполянський р-н., м.Шпола",(Доценко Максим Васильович),Шполянська міська рада,Черкаська область,16,КАЛАНДИРЕЦЬ ТЕТЯНА ВАЛЕНТИНІВНА,"ПАРТІЯ ""БЛОК ПЕТРА ПОРОШЕНКА ""СОЛІДАРНІСТЬ"""
"Громадянка України, народилася 31.07.1983 р., освіта вища, член політичної партії Всеукраїнське об’єднання ""Батьківщина"", Фізична особа-підприємець, місце проживання: Черкаська обл.., Шполянський р-н., м. Шпола",(Горбач Володимир Павлович),Шполянська міська рада,Черкаська область,16,БОЛОТОВА ТЕТЯНА АНАТОЛІЇВНА,"ПОЛІТИЧНА ПАРТІЯ ВСЕУКРАЇНСЬКЕ ОБ’ЄДНАННЯ ""БАТЬКІВЩИНА"""
"Громадянка України, народилася 28.03.1969 р., освіта середня спеціальна, член політичної партії Всеукраїнське об’єднання ""Свобода"", тимчасово не працює, місце проживання: Черкаська обл.., Шполянський р-н., м.Шпола",(Кишінько Вячеслав Леонтійович),Шполянська міська рада,Черкаська область,16,АНДРУЩЕНКО СВІТЛАНА МИКОЛАЇВНА,"ПОЛІТИЧНА ПАРТІЯ ВСЕУКРАЇНСЬКЕ ОБ’ЄДНАННЯ ""СВОБОДА"""
"Громадянин України, народився 12.10.1961 р., освіта вища, член політичної партії Всеукраїнське об’єднання ""ЧЕРКАЩАНИ"", Філія ""Шполянський райавтодор"", Начальник філії ""Шполянський райавтодор"", місце проживання: м.Шпола, Шполянський р-н., Черкаська обл..",(Кравченко Сергій Володимирович),Шполянська міська рада,Черкаська область,16,МАДЮДЯ ВІКТОР ВАСИЛЬОВИЧ,"ПОЛІТИЧНА ПАРТІЯ ВСЕУКРАЇНСЬКЕ ОБ’ЄДНАННЯ ""ЧЕРКАЩАНИ"""
"Громадянин України, народився 28.12.1981 р., освіта вища, безпартійний, Шполянська ЗОШ 1-3ст.№1, Інженер ЕОМ, місце проживання: Черкаська обл., Шполянський р-н., м.Шпола,",(Комар Петро Вікторович),Шполянська міська рада,Черкаська область,16,ОЛЕАН МИХАЙЛО СТЕПАНОВИЧ,"ПОЛІТИЧНА ПАРТІЯ ""ГРОМАДЯНСЬКА ПОЗИЦІЯ"""
,(Шандрук Михайло Арсенович),Шполянська міська рада,Черкаська область,16,,"ПОЛІТИЧНА ПАРТІЯ ""ОПОЗИЦІЙНИЙ БЛОК"""
"Громадянка України, народилася 05.06.1973 р., освіта вища, безпартійна, приватне підприємство ""Торі-Дент"", виконуюча обов’язки директора, місце проживання: Черкаська обл., Шполянський р-н., м. Шпола",(Бебешко Анна Вікторівна),Шполянська міська рада,Черкаська область,16,ВИШЕНСЬКА ОКСАНА ІВАНІВНА,"ПОЛІТИЧНА ПАРТІЯ ""СИЛЬНА ДЕРЖАВА"""
"Громадянин України, народився 24.01.1958 р., освіта вища, безпартійний, Приватне підприємство ""Будсервіс"", директор, місце проживання: Черкаська обл., Шполянський р-н., м. Шпола",(Плосконос Владислав Миколайович),Шполянська міська рада,Черкаська область,16,ПІДМОГИЛЬНИЙ МИКОЛА ТИХОНОВИЧ,"ПОЛІТИЧНА ПАРТІЯ ""УКРАЇНСЬКЕ ОБ’ЄДНАННЯ ПАТРІОТІВ – УКРОП"""
"Громадянка України, народилася 18.09.1979 р., освіта вища, член Радикальної партії Олега Ляшка, Державне Земельне Агенство у Шполянському Районі, Головний спеціаліст. сектору земельного кадастру, місце проживання: Черкаська обл.., Шполянський р-н., м. Шпола,",(Коваль Наталія Миколаївна),Шполянська міська рада,Черкаська область,16,ПЕДЧЕНКО ТЕТЯНА ЮРІЇВНА,РАДИКАЛЬНА ПАРТІЯ ОЛЕГА ЛЯШКА
"Громадянка України, народилася 26.06.1985 р., освіта вища, безпартійна, Скотарівський НВК, Вчитель англійської мови, місце проживання: Черкаська обл., Шполянський р-н., м.Шпола",(Доценко Максим Васильович),Шполянська міська рада,Черкаська область,17,УСИК ЛІЛІЯ ОЛЕКСАНДРІВНА,"ПАРТІЯ ""БЛОК ПЕТРА ПОРОШЕНКА ""СОЛІДАРНІСТЬ"""
"Громадянин України, народився 01.01.1974 р., освіта вища, член політичної партії Всеукраїнське об’єднання ""Батьківщина"", ПрАТ ""Шполянський завод продтоварів"", Начальник відділення ЗЕГ, місце проживання: Черкаська обл.., Шполянський р-н., м. Шпола",(Горбач Володимир Павлович),Шполянська міська рада,Черкаська область,17,МЕЛЕШКІН ВАЛЕНТИН АНАТОЛІЙОВИЧ,"ПОЛІТИЧНА ПАРТІЯ ВСЕУКРАЇНСЬКЕ ОБ’ЄДНАННЯ ""БАТЬКІВЩИНА"""
"Громадянин України, народився 01.09.1975 р., освіта професійно-технічна, член політичної партії Всеукраїнське об’єднання ""Свобода"", тимчасово не працює, місце проживання: Черкаська обл.., Шполянський р-н., м.Шпола",(Кишінько Вячеслав Леонтійович),Шполянська міська рада,Черкаська область,17,РУСАНОВ ЄВГЕНІЙ ВОЛОДИМИРОВИЧ,"ПОЛІТИЧНА ПАРТІЯ ВСЕУКРАЇНСЬКЕ ОБ’ЄДНАННЯ ""СВОБОДА"""
"Громадянин України, народився 06.10.1979 р., освіта вища, член політичної партії Всеукраїнське об’єднання ""ЧЕРКАЩАНИ"", ПрАТ""Шполянський ЗТП"", Заступник директора з юридичних питань та управління персоналом ПрАТ""Шполянський ЗТП"", місце проживання: м.Шпола, Шполянський р-н., Черкаська обл..",(Кравченко Сергій Володимирович),Шполянська міська рада,Черкаська область,17,ЗІРЯНОВ ОЛЕКСАНДР ВОЛОДИМИРОВИЧ,"ПОЛІТИЧНА ПАРТІЯ ВСЕУКРАЇНСЬКЕ ОБ’ЄДНАННЯ ""ЧЕРКАЩАНИ"""
"Громадянка України, народилася 01.10.1973 р., освіта вища, член Політичної партії ""Громадянська позиція"", м-н ""Достаток"", Менеджер, місце проживання: Черкаська обл., Шполянський р-н., м.Шпола,",(Комар Петро Вікторович),Шполянська міська рада,Черкаська область,17,ЧУМАЧЕНКО ОЛЕНА ЮРІЇВНА,"ПОЛІТИЧНА ПАРТІЯ ""ГРОМАДЯНСЬКА ПОЗИЦІЯ"""
"Громадянин України, народився 04.06.1957 р., освіта професійно-технічна, безпартійний, Товариство з обмеженою відповідальністю ""Шполатехагро"", слюсар, місце проживання: Черкаська обл., Шполянський р-н., м. Шпола",(Шандрук Михайло Арсенович),Шполянська міська рада,Черкаська область,17,БЕНБЕН ВОЛОДИМИР МИКОЛАЙОВИЧ,"ПОЛІТИЧНА ПАРТІЯ ""ОПОЗИЦІЙНИЙ БЛОК"""
"Громадянка України, народилася 12.03.1951 р., освіта вища, безпартійна, приватне підприємство ""Трансбіопали-во"", економіст, місце проживання: Черкаська обл., Шполянський р-н., м. Шпола",(Бебешко Анна Вікторівна),Шполянська міська рада,Черкаська область,17,КРАВЧЕНКО НІНА ВОЛОДИМИРІВНА,"ПОЛІТИЧНА ПАРТІЯ ""СИЛЬНА ДЕРЖАВА"""
,(Плосконос Владислав Миколайович),Шполянська міська рада,Черкаська область,17,,"ПОЛІТИЧНА ПАРТІЯ ""УКРАЇНСЬКЕ ОБ’ЄДНАННЯ ПАТРІОТІВ – УКРОП"""
,(Коваль Наталія Миколаївна),Шполянська міська рада,Черкаська область,17,,РАДИКАЛЬНА ПАРТІЯ ОЛЕГА ЛЯШКА
"Громадянка України, народилася 13.12.1969 р., освіта вища, безпартійна, Шполянська райдержадміністрація, Начальник відділу організаційно кадрової роботи апарату, місце проживання: Черкаська обл., Шполянський р-н., м.Шпола",(Доценко Максим Васильович),Шполянська міська рада,Черкаська область,18,МАР’ЯШ ОЛЕНА АНАТОЛІЇВНА,"ПАРТІЯ ""БЛОК ПЕТРА ПОРОШЕНКА ""СОЛІДАРНІСТЬ"""
"Громадянка України, народилася 25.04.1957 р., освіта вища, член політичної партії Всеукраїнське об’єднання ""Батьківщина"", Шполянський міський будинок культури, Директор, місце проживання: Черкаська обл.., Шполянський р-н., м. Шпола",(Горбач Володимир Павлович),Шполянська міська рада,Черкаська область,18,ПОЛІЩУК ЛІДІЯ СТЕПАНІВНА,"ПОЛІТИЧНА ПАРТІЯ ВСЕУКРАЇНСЬКЕ ОБ’ЄДНАННЯ ""БАТЬКІВЩИНА"""
"Громадянин України, народився 27.02.1974 р., освіта середня спеціальна, член політичної партії Всеукраїнське об’єднання ""Свобода"", Товмацький НВК, Робітник по обслуговуванні в НВК, місце проживання: Черкаська обл.., Шполянський р-н, с.Товмач,",(Кишінько Вячеслав Леонтійович),Шполянська міська рада,Черкаська область,18,ПОГОРІЛИЙ СЕРГІЙ ЮРІЙОВИЧ,"ПОЛІТИЧНА ПАРТІЯ ВСЕУКРАЇНСЬКЕ ОБ’ЄДНАННЯ ""СВОБОДА"""
"Громадянин України, народився 22.11.1972 р., освіта вища, член політичної партії Всеукраїнське об’єднання ""ЧЕРКАЩАНИ"", ТОВ""Маяк-Агро"", Директор ТОВ""Маяк-Агро"", місце проживання: м.Шпола, Шполянський р-н., Черкаська обл..",(Кравченко Сергій Володимирович),Шполянська міська рада,Черкаська область,18,БОГАЧ МИХАЙЛО ПЕТРОВИЧ,"ПОЛІТИЧНА ПАРТІЯ ВСЕУКРАЇНСЬКЕ ОБ’ЄДНАННЯ ""ЧЕРКАЩАНИ"""
"Громадянка України, народилася 17.01.1978 р., освіта вища, безпартійна, Шполянська ЗОШ 1-3 ступенів Ліцей№2, вчитель, місце проживання: Черкаська обл., Шполянський р-н., м.Шпола,",(Комар Петро Вікторович),Шполянська міська рада,Черкаська область,18,БІЛОУС СВІТЛАНА ВАСИЛІВНА,"ПОЛІТИЧНА ПАРТІЯ ""ГРОМАДЯНСЬКА ПОЗИЦІЯ"""
,(Шандрук Михайло Арсенович),Шполянська міська рада,Черкаська область,18,,"ПОЛІТИЧНА ПАРТІЯ ""ОПОЗИЦІЙНИЙ БЛОК"""
"Громадянин України, народився 18.04.1965 р., освіта загальна середня, безпартійний, приватний підприємець, місце проживання: Черкаська обл., Шполянський р-н., м. Шпола",(Бебешко Анна Вікторівна),Шполянська міська рада,Черкаська область,18,ГОЛОВКО ОЛЕГ ДМИТРОВИЧ,"ПОЛІТИЧНА ПАРТІЯ ""СИЛЬНА ДЕРЖАВА"""
,(Плосконос Владислав Миколайович),Шполянська міська рада,Черкаська область,18,,"ПОЛІТИЧНА ПАРТІЯ ""УКРАЇНСЬКЕ ОБ’ЄДНАННЯ ПАТРІОТІВ – УКРОП"""
,(Коваль Наталія Миколаївна),Шполянська міська рада,Черкаська область,18,,РАДИКАЛЬНА ПАРТІЯ ОЛЕГА ЛЯШКА
"Громадянин України, народився 06.01.1959 р., освіта вища, безпартійний, Обласна колегія адвокатів, Адвокат, місце проживання: Черкаська обл., Шполянський р-н., м.Шпола",(Доценко Максим Васильович),Шполянська міська рада,Черкаська область,19,КАРАКОЦЯ РОМАН ВАСИЛЬОВИЧ,"ПАРТІЯ ""БЛОК ПЕТРА ПОРОШЕНКА ""СОЛІДАРНІСТЬ"""
"Громадянин України, народився 01.10.1986 р., освіта вища, член політичної партії Всеукраїнське об’єднання ""Батьківщина"", ФОП Козярець, Юрист, місце проживання: Черкаська обл.., Шполянський р-н., м. Шпола",(Горбач Володимир Павлович),Шполянська міська рада,Черкаська область,19,ТЕСЛЕНКО ОЛЕГ ВІКТОРОВИЧ,"ПОЛІТИЧНА ПАРТІЯ ВСЕУКРАЇНСЬКЕ ОБ’ЄДНАННЯ ""БАТЬКІВЩИНА"""
"Громадянка України, народилася 25.02.1988 р., освіта незакінчена вища, член політичної партії Всеукраїнське об’єднання ""Свобода"", тимчасово не працює, домогосподарка, місце проживання: Черкаська обл.., Шполянський р-н., м.Шпола",(Кишінько Вячеслав Леонтійович),Шполянська міська рада,Черкаська область,19,ЦИМБАЛЕНКО ІННА ВАСИЛІВНА,"ПОЛІТИЧНА ПАРТІЯ ВСЕУКРАЇНСЬКЕ ОБ’ЄДНАННЯ ""СВОБОДА"""
"Громадянка України, народилася 13.07.1959 р., освіта професійно-технічна, безпартійна, Приватний підприємець, місце проживання: м.Шпола, Шполянський р-н., Черкаська обл..",(Кравченко Сергій Володимирович),Шполянська міська рада,Черкаська область,19,ТИЩЕНКО МАРІЯ ДМИТРІВНА,"ПОЛІТИЧНА ПАРТІЯ ВСЕУКРАЇНСЬКЕ ОБ’ЄДНАННЯ ""ЧЕРКАЩАНИ"""
"Громадянин України, народився 02.06.1978 р., освіта професійно-технічна, безпартійний, ПРАТ ""Шполянський завод продтоварів"", Столяр, місце проживання: Черкаська обл., Шполянський р-н., м.Шпола,",(Комар Петро Вікторович),Шполянська міська рада,Черкаська область,19,КИСЛЕНКО РУСЛАН ВОЛОДИМИРОВИЧ,"ПОЛІТИЧНА ПАРТІЯ ""ГРОМАДЯНСЬКА ПОЗИЦІЯ"""
,(Шандрук Михайло Арсенович),Шполянська міська рада,Черкаська область,19,,"ПОЛІТИЧНА ПАРТІЯ ""ОПОЗИЦІЙНИЙ БЛОК"""
"Громадянин України, народився 18.09.1975 р., освіта вища, безпартійний, приватний підприємець, місце проживання: Черкаська обл., Шполянський р-н., м. Шпола",(Бебешко Анна Вікторівна),Шполянська міська рада,Черкаська область,19,ЧОЛОВЕНКО ВОЛОДИМИР ВАЛЕРІЙОВИЧ,"ПОЛІТИЧНА ПАРТІЯ ""СИЛЬНА ДЕРЖАВА"""
,(Плосконос Владислав Миколайович),Шполянська міська рада,Черкаська область,19,,"ПОЛІТИЧНА ПАРТІЯ ""УКРАЇНСЬКЕ ОБ’ЄДНАННЯ ПАТРІОТІВ – УКРОП"""
"Громадянин України, народився 17.06.1959 р., освіта вища, безпартійний, ТОВ ""Шполянська меблева фабрика"", Директор, місце проживання: Черкаська обл.., Шполянський р-н., м. Шпола,",(Коваль Наталія Миколаївна),Шполянська міська рада,Черкаська область,19,ДЖАВАГА ВОЛОДИМИР ЯРОСЛАВОВИЧ,РАДИКАЛЬНА ПАРТІЯ ОЛЕГА ЛЯШКА
"Громадянин України, народився 12.10.1976 р., освіта вища, безпартійний, Приватний підприємець, місце проживання: Черкаська обл., Шполянський р-н., м.Шпола",(Доценко Максим Васильович),Шполянська міська рада,Черкаська область,20,ПАСЄКА ВОЛОДИМИР АРТЕМОВИЧ,"ПАРТІЯ ""БЛОК ПЕТРА ПОРОШЕНКА ""СОЛІДАРНІСТЬ"""
"Громадянка України, народилася 21.05.1983 р., освіта вища, член політичної партії Всеукраїнське об’єднання ""Батьківщина"", ПрАТ ""Шполянський завод продтоварів"", Начальник ІЛВ, місце проживання: Черкаська обл.., Шполянський р-н., м. Шпола",(Горбач Володимир Павлович),Шполянська міська рада,Черкаська область,20,СОТНИК НАТАЛІЯ ВОЛОДИМИРІВНА,"ПОЛІТИЧНА ПАРТІЯ ВСЕУКРАЇНСЬКЕ ОБ’ЄДНАННЯ ""БАТЬКІВЩИНА"""
"Громадянин України, народився 26.07.1965 р., освіта професійно-технічна, член політичної партії Всеукраїнське об’єднання ""Свобода"", с.Терешки, Голова церковної ради, місце проживання: Черкаська обл.., Шполянський р., с.Терешки",(Кишінько Вячеслав Леонтійович),Шполянська міська рада,Черкаська область,20,ШЕВЧЕНКО ОЛЕКСАНДР ВАСИЛЬОВИЧ,"ПОЛІТИЧНА ПАРТІЯ ВСЕУКРАЇНСЬКЕ ОБ’ЄДНАННЯ ""СВОБОДА"""
"Громадянин України, народився 04.01.1974 р., освіта професійно-технічна, член політичної партії Всеукраїнське об’єднання ""ЧЕРКАЩАНИ"", СТОВ""Агроспілка"" ВП""Шполянський хлібзавод"", Директор виробничого підрозділу, місце проживання: м.Шпола, Шполянський р-н., Черкаська обл..",(Кравченко Сергій Володимирович),Шполянська міська рада,Черкаська область,20,МАТІКА ІГОР ІВАНОВИЧ,"ПОЛІТИЧНА ПАРТІЯ ВСЕУКРАЇНСЬКЕ ОБ’ЄДНАННЯ ""ЧЕРКАЩАНИ"""
"Громадянин України, народився 28.11.1967 р., освіта вища, безпартійний, Міський будинок культури, Вихователь, місце проживання: Черкаська обл., Шполянський р-н., м.Шпола,",(Комар Петро Вікторович),Шполянська міська рада,Черкаська область,20,МЕЛЬНИК СЕРГІЙ МИКОЛАЙОВИЧ,"ПОЛІТИЧНА ПАРТІЯ ""ГРОМАДЯНСЬКА ПОЗИЦІЯ"""
"Громадянин України, народився 29.03.1949 р., освіта середня спеціальна, безпартійний, пенсіонер, місце проживання: Черкаська обл., Шполянський р-н., м. Шпола",(Шандрук Михайло Арсенович),Шполянська міська рада,Черкаська область,20,ШЕПТИЦЬКИЙ ЛЕОНІД ПАВЛОВИЧ,"ПОЛІТИЧНА ПАРТІЯ ""ОПОЗИЦІЙНИЙ БЛОК"""
"Громадянка України, народилася 20.02.1949 р., освіта вища, безпартійна, Шполянська аптека №116, завідуюча аптеки №116, місце проживання: Черкаська обл., Шполянський р-н., м. Шпола",(Бебешко Анна Вікторівна),Шполянська міська рада,Черкаська область,20,ЗАБОЄВА ВАЛЕНТИНА СТЕПАНІВНА,"ПОЛІТИЧНА ПАРТІЯ ""СИЛЬНА ДЕРЖАВА"""
,(Плосконос Владислав Миколайович),Шполянська міська рада,Черкаська область,20,,"ПОЛІТИЧНА ПАРТІЯ ""УКРАЇНСЬКЕ ОБ’ЄДНАННЯ ПАТРІОТІВ – УКРОП"""
,(Коваль Наталія Миколаївна),Шполянська міська рада,Черкаська область,20,,РАДИКАЛЬНА ПАРТІЯ ОЛЕГА ЛЯШКА
"Громадянин України, народився 24.05.1979 р., освіта вища, член ПАРТІЇ ""БЛОК ПЕТРА ПОРОШЕНКА ""СОЛІДАРНІСТЬ"", Шполянський РЕМ, Бухгалтер енергозбуту Шполянського РЕМ, місце проживання: Черкаська обл., Шполянський р-н., м.Шпола",(Доценко Максим Васильович),Шполянська міська рада,Черкаська область,21,ВАРИЧ РОМАН ОЛЕГОВИЧ,"ПАРТІЯ ""БЛОК ПЕТРА ПОРОШЕНКА ""СОЛІДАРНІСТЬ"""
"Громадянка України, народилася 16.04.1954 р., освіта вища, член політичної партії Всеукраїнське об’єднання ""Батьківщина"", Фізична особа-підприємець, місце проживання: Черкаська обл.., Шполянський р-н., м. Шпола",(Горбач Володимир Павлович),Шполянська міська рада,Черкаська область,21,МЕЛЬНІКОВА МАРІЯ СЕРГІЇВНА,"ПОЛІТИЧНА ПАРТІЯ ВСЕУКРАЇНСЬКЕ ОБ’ЄДНАННЯ ""БАТЬКІВЩИНА"""
"Громадянка України, народилася 02.09.1950 р., освіта вища, безпартійна, Шполянська міська рада, бухгалтер, місце проживання: Черкаська обл.., Шполянський р-н., м.Шпола",(Кишінько Вячеслав Леонтійович),Шполянська міська рада,Черкаська область,21,ХОРОША ЛЮБОВ ОЛЕКСІЇВНА,"ПОЛІТИЧНА ПАРТІЯ ВСЕУКРАЇНСЬКЕ ОБ’ЄДНАННЯ ""СВОБОДА"""
"Громадянка України, народилася 03.08.1952 р., освіта вища, безпартійна, Шполянська центральна районна лікарня, Лікар, місце проживання: м.Шпола, Шполянський р-н., Черкаська обл..",(Кравченко Сергій Володимирович),Шполянська міська рада,Черкаська область,21,ЖУК ГАЛИНА ДМИТРІВНА,"ПОЛІТИЧНА ПАРТІЯ ВСЕУКРАЇНСЬКЕ ОБ’ЄДНАННЯ ""ЧЕРКАЩАНИ"""
"Громадянин України, народився 08.10.1953 р., освіта вища, безпартійний, пенсіонер, місце проживання: Черкаська обл., Шполянський р-н., м.Шпола,",(Комар Петро Вікторович),Шполянська міська рада,Черкаська область,21,МАСЛЮК АНАТОЛІЙ ГРИГОРОВИЧ,"ПОЛІТИЧНА ПАРТІЯ ""ГРОМАДЯНСЬКА ПОЗИЦІЯ"""
,(Шандрук Михайло Арсенович),Шполянська міська рада,Черкаська область,21,,"ПОЛІТИЧНА ПАРТІЯ ""ОПОЗИЦІЙНИЙ БЛОК"""
"Громадянин України, народився 30.03.1947 р., освіта вища, безпартійний, пенсіонер, місце проживання: Черкаська обл., Шполянський р-н., м. Шпола",(Бебешко Анна Вікторівна),Шполянська міська рада,Черкаська область,21,ЛЮБАР ОЛЕКСІЙ ФЕДОТОВИЧ,"ПОЛІТИЧНА ПАРТІЯ ""СИЛЬНА ДЕРЖАВА"""
,(Плосконос Владислав Миколайович),Шполянська міська рада,Черкаська область,21,,"ПОЛІТИЧНА ПАРТІЯ ""УКРАЇНСЬКЕ ОБ’ЄДНАННЯ ПАТРІОТІВ – УКРОП"""
,(Коваль Наталія Миколаївна),Шполянська міська рада,Черкаська область,21,,РАДИКАЛЬНА ПАРТІЯ ОЛЕГА ЛЯШКА
"Громадянин України, народився 10.08.1960 р., освіта вища, член ПАРТІЇ ""БЛОК ПЕТРА ПОРОШЕНКА ""СОЛІДАРНІСТЬ"", Шполянська ЦРЛ, Лікар, місце проживання: Черкаська обл., Шполянський р-н., м.Шпола",(Доценко Максим Васильович),Шполянська міська рада,Черкаська область,22,ШПАРА АНАТОЛІЙ ВАСИЛЬОВИЧ,"ПАРТІЯ ""БЛОК ПЕТРА ПОРОШЕНКА ""СОЛІДАРНІСТЬ"""
"Громадянка України, народилася 18.10.1982 р., освіта вища, член політичної партії Всеукраїнське об’єднання ""Батьківщина"", СТОВ ""Відродження"", Директор, місце проживання: Черкаська обл.., Шполянський р-н., м. Шпола",(Горбач Володимир Павлович),Шполянська міська рада,Черкаська область,22,ЛЯШЕНКО ТЕТЯНА ЮРІЇВНА,"ПОЛІТИЧНА ПАРТІЯ ВСЕУКРАЇНСЬКЕ ОБ’ЄДНАННЯ ""БАТЬКІВЩИНА"""
"Громадянин України, народився 04.11.1986 р., освіта вища, член політичної партії Всеукраїнське об’єднання ""Свобода"", Шполянська гімназія №3, вчитель, місце проживання: Черкаська обл.., Шполянський р-н., м.Шпола",(Кишінько Вячеслав Леонтійович),Шполянська міська рада,Черкаська область,22,БІЛЕЦЬКИЙ ВЯЧЕСЛАВ ВАСИЛЬОВИЧ,"ПОЛІТИЧНА ПАРТІЯ ВСЕУКРАЇНСЬКЕ ОБ’ЄДНАННЯ ""СВОБОДА"""
"Громадянин України, народився 06.11.1979 р., освіта професійно-технічна, безпартійний, Приватний підприємець, місце проживання: м.Шпола, Шполянський р-н., Черкаська обл..",(Кравченко Сергій Володимирович),Шполянська міська рада,Черкаська область,22,ТИЩЕНКО ДМИТРО МИКОЛАЙОВИЧ,"ПОЛІТИЧНА ПАРТІЯ ВСЕУКРАЇНСЬКЕ ОБ’ЄДНАННЯ ""ЧЕРКАЩАНИ"""
"Громадянин України, народився 03.11.1972 р., освіта професійно-технічна, безпартійний, Шпола Агро-Індустрі, Охоронник, місце проживання: Черкаська обл., Шполянський р-н., м.Шпола,",(Комар Петро Вікторович),Шполянська міська рада,Черкаська область,22,ЗАПОРОЖЕЦЬ МИКОЛА БОРИСОВИЧ,"ПОЛІТИЧНА ПАРТІЯ ""ГРОМАДЯНСЬКА ПОЗИЦІЯ"""
,(Шандрук Михайло Арсенович),Шполянська міська рада,Черкаська область,22,,"ПОЛІТИЧНА ПАРТІЯ ""ОПОЗИЦІЙНИЙ БЛОК"""
,(Бебешко Анна Вікторівна),Шполянська міська рада,Черкаська область,22,,"ПОЛІТИЧНА ПАРТІЯ ""СИЛЬНА ДЕРЖАВА"""
,(Плосконос Владислав Миколайович),Шполянська міська рада,Черкаська область,22,,"ПОЛІТИЧНА ПАРТІЯ ""УКРАЇНСЬКЕ ОБ’ЄДНАННЯ ПАТРІОТІВ – УКРОП"""
"Громадянин України, народився 09.04.1968 р., освіта загальна середня, член Радикальної партії Олега Ляшка, Приватний підприємець, місце проживання: Черкаська обл.., Шполянський р-н., м. Шпола,",(Коваль Наталія Миколаївна),Шполянська міська рада,Черкаська область,22,СЕРЕДА ВІКТОР ПЕТРОВИЧ,РАДИКАЛЬНА ПАРТІЯ ОЛЕГА ЛЯШКА
"Громадянка України, народилася 09.03.1962 р., освіта вища, безпартійна, Шполянська ЗОШ № 5 Шполянської ради Черкаської області, Директор, місце проживання: Черкаська обл., Шполянський р-н., м.Шпола",(Доценко Максим Васильович),Шполянська міська рада,Черкаська область,23,СОТНИК СВІТЛАНА ВОЛОДИМИРІВНА,"ПАРТІЯ ""БЛОК ПЕТРА ПОРОШЕНКА ""СОЛІДАРНІСТЬ"""
"Громадянин України, народився 20.09.1971 р., освіта вища, член політичної партії Всеукраїнське об’єднання ""Батьківщина"", Шполянський елеватор, Філія ДПЗКУ, Завідуючий корпуса, місце проживання: Черкаська обл.., Шполянський р-н., м. Шпола",(Горбач Володимир Павлович),Шполянська міська рада,Черкаська область,23,ТИМЧАК ОЛЕКСАНДР ЯРОСЛАВОВИЧ,"ПОЛІТИЧНА ПАРТІЯ ВСЕУКРАЇНСЬКЕ ОБ’ЄДНАННЯ ""БАТЬКІВЩИНА"""
"Громадянин України, народився 06.10.1986 р., освіта вища, член політичної партії Всеукраїнське об’єднання ""Свобода"", Державна податкова інспекція м.Шпола, Завідувач сектору, місце проживання: Черкаська обл.., Шполянський р. с.Лозуватка",(Кишінько Вячеслав Леонтійович),Шполянська міська рада,Черкаська область,23,ДОМЕНКО СЕРГІЙ ВОЛОДИМИРОВИЧ,"ПОЛІТИЧНА ПАРТІЯ ВСЕУКРАЇНСЬКЕ ОБ’ЄДНАННЯ ""СВОБОДА"""
"Громадянка України, народилася 30.06.1976 р., освіта вища, безпартійна, Шполянський районний сектор управління державної міграційної служби України в Черкаській обл., Завідувач Шполянського районного сектору управління державної міграційної служби України в Черкаській обл., місце проживання: м.Шпола, Шполянський р-н., Черкаська обл..",(Кравченко Сергій Володимирович),Шполянська міська рада,Черкаська область,23,ЩІПАНСЬКА ВАЛЕНТИНА ПЕТРІВНА,"ПОЛІТИЧНА ПАРТІЯ ВСЕУКРАЇНСЬКЕ ОБ’ЄДНАННЯ ""ЧЕРКАЩАНИ"""
"Громадянка України, народилася 26.10.1957 р., освіта вища, безпартійна, пенсіонер, місце проживання: Черкаська обл., Шполянський р-н., м.Шпола,",(Комар Петро Вікторович),Шполянська міська рада,Черкаська область,23,ХУДЯКОВА ТЕТЯНА ПЕТРІВНА,"ПОЛІТИЧНА ПАРТІЯ ""ГРОМАДЯНСЬКА ПОЗИЦІЯ"""
,(Шандрук Михайло Арсенович),Шполянська міська рада,Черкаська область,23,,"ПОЛІТИЧНА ПАРТІЯ ""ОПОЗИЦІЙНИЙ БЛОК"""
"Громадянин України, народився 02.03.1954 р., освіта вища, безпартійний, пенсіонер, місце проживання: Черкаська обл., Шполянський р-н., м. Шпола",(Бебешко Анна Вікторівна),Шполянська міська рада,Черкаська область,23,ЄРМОЛЕНКО ВІКТОР ОЛЕКСАНДРОВИЧ,"ПОЛІТИЧНА ПАРТІЯ ""СИЛЬНА ДЕРЖАВА"""
"Громадянин України, народився 15.02.1980 р., освіта вища, безпартійний, Управління міністерства внутрішніх справ України в Черкаській області, старший інспектор відділення державтоінспекції, місце проживання: Черкаська обл., Шполянський р-н., м. Шпола",(Плосконос Владислав Миколайович),Шполянська міська рада,Черкаська область,23,НЕДОПАС ВАЛЕРІЙ ВІКТОРОВИЧ,"ПОЛІТИЧНА ПАРТІЯ ""УКРАЇНСЬКЕ ОБ’ЄДНАННЯ ПАТРІОТІВ – УКРОП"""
,(Коваль Наталія Миколаївна),Шполянська міська рада,Черкаська область,23,,РАДИКАЛЬНА ПАРТІЯ ОЛЕГА ЛЯШКА
"Громадянин України, народився 28.02.1959 р., освіта вища, безпартійний, Районний будинок культури, Директор районного будинку культури, місце проживання: Черкаська обл., Шполянський р-н., м.Шпола",(Доценко Максим Васильович),Шполянська міська рада,Черкаська область,24,БЕРЕСТЕЦЬКИЙ АНАТОЛІЙ ДМИТРОВИЧ,"ПАРТІЯ ""БЛОК ПЕТРА ПОРОШЕНКА ""СОЛІДАРНІСТЬ"""
"Громадянин України, народився 09.10.1956 р., освіта вища, член політичної партії Всеукраїнське об’єднання ""Батьківщина"", ПрАТ ""Шполатехагро"", Головний інженер елеватора, місце проживання: Черкаська обл.., Шполянський р-н., м. Шпола",(Горбач Володимир Павлович),Шполянська міська рада,Черкаська область,24,ФУРКАЛО ІВАН ІВАНОВИЧ,"ПОЛІТИЧНА ПАРТІЯ ВСЕУКРАЇНСЬКЕ ОБ’ЄДНАННЯ ""БАТЬКІВЩИНА"""
"Громадянка України, народилася 27.01.1987 р., освіта загальна середня, безпартійна, тимчасово не працює, домогосподарка, місце проживання: Черкаська обл.., Шполянський р-н., м.Шпола",(Кишінько Вячеслав Леонтійович),Шполянська міська рада,Черкаська область,24,ГУЗОВЕЦЬ ТЕТЯНА МИКОЛАЇВНА,"ПОЛІТИЧНА ПАРТІЯ ВСЕУКРАЇНСЬКЕ ОБ’ЄДНАННЯ ""СВОБОДА"""
"Громадянин України, народився 08.12.1982 р., освіта вища, член політичної партії Всеукраїнське об’єднання ""ЧЕРКАЩАНИ"", Приватний підприємець, місце проживання: м.Шпола, Шполянський р-н., Черкаська обл..",(Кравченко Сергій Володимирович),Шполянська міська рада,Черкаська область,24,МАЛЬЧИК СЕРГІЙ ПАВЛОВИЧ,"ПОЛІТИЧНА ПАРТІЯ ВСЕУКРАЇНСЬКЕ ОБ’ЄДНАННЯ ""ЧЕРКАЩАНИ"""
"Громадянин України, народився 28.02.1949 р., освіта вища, безпартійний, ""Тов Трансагроресурс"", Зам.директора, місце проживання: Черкаська обл., Шполянський р-н., м.Шпола,",(Комар Петро Вікторович),Шполянська міська рада,Черкаська область,24,ЛИСИЦЯ ВІКТОР ДАВИДОВИЧ,"ПОЛІТИЧНА ПАРТІЯ ""ГРОМАДЯНСЬКА ПОЗИЦІЯ"""
,(Шандрук Михайло Арсенович),Шполянська міська рада,Черкаська область,24,,"ПОЛІТИЧНА ПАРТІЯ ""ОПОЗИЦІЙНИЙ БЛОК"""
"Громадянин України, народився 23.11.1946 р., освіта середня спеціальна, безпартійний, пенсіонер, місце проживання: Черкаська обл., Шполянський р-н., м. Шпола",(Бебешко Анна Вікторівна),Шполянська міська рада,Черкаська область,24,КИЧАТИЙ ВАСИЛЬ СТЕПАНОВИЧ,"ПОЛІТИЧНА ПАРТІЯ ""СИЛЬНА ДЕРЖАВА"""
,(Плосконос Владислав Миколайович),Шполянська міська рада,Черкаська область,24,,"ПОЛІТИЧНА ПАРТІЯ ""УКРАЇНСЬКЕ ОБ’ЄДНАННЯ ПАТРІОТІВ – УКРОП"""
,(Коваль Наталія Миколаївна),Шполянська міська рада,Черкаська область,24,,РАДИКАЛЬНА ПАРТІЯ ОЛЕГА ЛЯШКА
"Громадянин України, народився 01.10.1954 р., освіта вища, безпартійний, Шполянська ЦРЛ, Лікар, місце проживання: Черкаська обл., Шполянський р-н., м.Шпола",(Доценко Максим Васильович),Шполянська міська рада,Черкаська область,25,ШАРАПА ЮРІЙ ВОЛОДИМИРОВИЧ,"ПАРТІЯ ""БЛОК ПЕТРА ПОРОШЕНКА ""СОЛІДАРНІСТЬ"""
"Громадянка України, народилася 06.06.1993 р., освіта вища, член політичної партії Всеукраїнське об’єднання ""Батьківщина"", КП ""Благоустрій"", Головний економіст КП ""Благоустрій"", місце проживання: Черкаська обл.., Шполянський р-н., м. Шпола",(Горбач Володимир Павлович),Шполянська міська рада,Черкаська область,25,РУДЕНКО РУСЛАНА ОЛЕКСАНДРІВНА,"ПОЛІТИЧНА ПАРТІЯ ВСЕУКРАЇНСЬКЕ ОБ’ЄДНАННЯ ""БАТЬКІВЩИНА"""
"Громадянин України, народився 04.08.1987 р., освіта вища, член політичної партії Всеукраїнське об’єднання ""Свобода"", ТОВ ""Агроіндастрі"", охоронець, місце проживання: Черкаська обл.., Шполянський р. с.Мар’янівка",(Кишінько Вячеслав Леонтійович),Шполянська міська рада,Черкаська область,25,РОГОЗІНСЬКИЙ РУСЛАН ОЛЕКСАНДРОВИЧ,"ПОЛІТИЧНА ПАРТІЯ ВСЕУКРАЇНСЬКЕ ОБ’ЄДНАННЯ ""СВОБОДА"""
"Громадянин України, народився 09.08.1973 р., освіта вища, член політичної партії Всеукраїнське об’єднання ""ЧЕРКАЩАНИ"", ПАТ""Райффайзен Банк Аваль"", Начальник Шполянського відділення ПАТ""Райффайзен Банк Аваль"", місце проживання: м.Шпола, Шполянський р-н., Черкаська обл..",(Кравченко Сергій Володимирович),Шполянська міська рада,Черкаська область,25,ЛОГВІНОВ ВАДИМ АНАТОЛІЙОВИЧ,"ПОЛІТИЧНА ПАРТІЯ ВСЕУКРАЇНСЬКЕ ОБ’ЄДНАННЯ ""ЧЕРКАЩАНИ"""
"Громадянка України, народилася 05.08.1982 р., освіта професійно-технічна, безпартійна, тимчасово не працює, місце проживання: Черкаська обл., Шполянський р-н., м.Шпола,",(Комар Петро Вікторович),Шполянська міська рада,Черкаська область,25,ГРІМОВА ІРИНА ІВАНІВНА,"ПОЛІТИЧНА ПАРТІЯ ""ГРОМАДЯНСЬКА ПОЗИЦІЯ"""
,(Шандрук Михайло Арсенович),Шполянська міська рада,Черкаська область,25,,"ПОЛІТИЧНА ПАРТІЯ ""ОПОЗИЦІЙНИЙ БЛОК"""
"Громадянин України, народився 12.02.1966 р., освіта середня спеціальна, безпартійний, Шполянська райлікарня, санітар, місце проживання: Черкаська обл., Шполянський р-н., м. Шпола",(Бебешко Анна Вікторівна),Шполянська міська рада,Черкаська область,25,ТРИТЯК ВІТАЛІЙ ВАСИЛЬОВИЧ,"ПОЛІТИЧНА ПАРТІЯ ""СИЛЬНА ДЕРЖАВА"""
,(Плосконос Владислав Миколайович),Шполянська міська рада,Черкаська область,25,,"ПОЛІТИЧНА ПАРТІЯ ""УКРАЇНСЬКЕ ОБ’ЄДНАННЯ ПАТРІОТІВ – УКРОП"""
"Громадянин України, народився 01.11.1961 р., освіта вища, член Радикальної партії Олега Ляшка, пенсіонер, місце проживання: Черкаська обл.., Шполянський р-н., м. Шпола,",(Коваль Наталія Миколаївна),Шполянська міська рада,Черкаська область,25,ВЕДУС МИХАЙЛО ІВАНОВИЧ,РАДИКАЛЬНА ПАРТІЯ ОЛЕГА ЛЯШКА
"Громадянин України, народився 15.12.1971 р., освіта вища, безпартійний, Шполянська ЦРЛ, Лікар - уролог, місце проживання: Черкаська обл., Шполянський р-н., м.Шпола",(Доценко Максим Васильович),Шполянська міська рада,Черкаська область,26,ДОМЧУК АНДРІЙ ПАВЛОВИЧ,"ПАРТІЯ ""БЛОК ПЕТРА ПОРОШЕНКА ""СОЛІДАРНІСТЬ"""
"Громадянка України, народилася 28.06.1959 р., освіта вища, член політичної партії Всеукраїнське об’єднання ""Батьківщина"", пенсіонер, місце проживання: Черкаська обл.., Шполянський р-н., м. Шпола",(Горбач Володимир Павлович),Шполянська міська рада,Черкаська область,26,ЗАПОРОЖЕЦЬ ЛЮДМИЛА ЄВГЕНІЇВНА,"ПОЛІТИЧНА ПАРТІЯ ВСЕУКРАЇНСЬКЕ ОБ’ЄДНАННЯ ""БАТЬКІВЩИНА"""
"Громадянин України, народився 14.11.1960 р., освіта загальна середня, член політичної партії Всеукраїнське об’єднання ""Свобода"", ПП ""Мотрич"", будівельник, місце проживання: Черкаська обл.., Шполянський р-н., м.Шпола",(Кишінько Вячеслав Леонтійович),Шполянська міська рада,Черкаська область,26,СТРУШЛЯК ВАЛЕНТИН ВОЛОДИМИРОВИЧ,"ПОЛІТИЧНА ПАРТІЯ ВСЕУКРАЇНСЬКЕ ОБ’ЄДНАННЯ ""СВОБОДА"""
"Громадянин України, народився 05.02.1972 р., освіта вища, член політичної партії Всеукраїнське об’єднання ""ЧЕРКАЩАНИ"", Приватний підприємець, місце проживання: м.Шпола, Шполянський р-н., Черкаська обл..",(Кравченко Сергій Володимирович),Шполянська міська рада,Черкаська область,26,КОШОВИЙ ОЛЕГ ІВАНОВИЧ,"ПОЛІТИЧНА ПАРТІЯ ВСЕУКРАЇНСЬКЕ ОБ’ЄДНАННЯ ""ЧЕРКАЩАНИ"""
"Громадянка України, народилася 26.03.1952 р., освіта професійно-технічна, безпартійна, пенсіонер, місце проживання: Черкаська обл., Шполянський р-н., м.Шпола,",(Комар Петро Вікторович),Шполянська міська рада,Черкаська область,26,ГОНЧАРЕНКО ОЛЕНА ЙОСИПІВНА,"ПОЛІТИЧНА ПАРТІЯ ""ГРОМАДЯНСЬКА ПОЗИЦІЯ"""
,(Шандрук Михайло Арсенович),Шполянська міська рада,Черкаська область,26,,"ПОЛІТИЧНА ПАРТІЯ ""ОПОЗИЦІЙНИЙ БЛОК"""
"Громадянин України, народився 25.01.1963 р., освіта вища, безпартійний, пенсіонер, місце проживання: Черкаська обл., Шполянський р-н., м. Шпола",(Бебешко Анна Вікторівна),Шполянська міська рада,Черкаська область,26,СУХИНА ПЕТРО АНДРІЙОВИЧ,"ПОЛІТИЧНА ПАРТІЯ ""СИЛЬНА ДЕРЖАВА"""
,(Плосконос Владислав Миколайович),Шполянська міська рада,Черкаська область,26,,"ПОЛІТИЧНА ПАРТІЯ ""УКРАЇНСЬКЕ ОБ’ЄДНАННЯ ПАТРІОТІВ – УКРОП"""
,(Коваль Наталія Миколаївна),Шполянська міська рада,Черкаська область,26,,РАДИКАЛЬНА ПАРТІЯ ОЛЕГА ЛЯШКА
